Genus,NCBI Species Count,TAXA Species Count,WoRMS Species Count
A.,0,0.0,0
Abathymermis,0,6.0,18
Abbreviata,4,44.0,2
Abelbolla,0,7.0,5
Abirovulva,0,1.0,1
Ablechroiulus,0,14.0,18
Aborjinia,3,0.0,3
Abursanema,2,4.0,2
Acanthocheilonema,13,12.0,4
Acanthocheilus,1,3.0,6
Acantholaimus,60,57.0,50
Acanthomicrolaimus,0,1.0,1
Acanthonchus,2,3.0,10
Acanthopharynx,7,15.0,19
Acanthophryngoides,0,6.0,0
Acanthorhabdias,0,1.0,1
Acanthostrongylus,0,3.0,1
Acanthoxyurus,0,8.0,6
Acanthungella,0,1.0,0
Acephalodorylaimus,0,1.0,1
Acheilostoma,0,3.0,0
Achlysiella,0,7.0,6
Achromadora,11,24.0,31
Ackertia,0,4.0,0
Acmaeolaimus,0,1.0,1
Acontylus,0,1.0,0
Acrobeles,31,30.0,50
Acrobelinema,0,1.0,1
Acrobeloides,198,26.0,50
Acrobelophis,0,4.0,11
Acrolobus,0,1.0,2
Acromoldavicus,4,2.0,3
Acronema,0,1.0,1
Acrostichus,44,36.0,43
Acroukrainicus,0,1.0,1
Actinolaimoides,0,8.0,10
Actinolaimus,0,10.0,40
Actinonema,2,5.0,16
Actus,3,6.0,6
Acuaria,2,56.0,17
Acuariidae,1,0,0
Acugutturus,0,1.0,0
Aculonchus,1,0,6
Acunemella,0,1.0,1
Adelonema,0,1.0,0
Adelphos,0,1.0,1
Adenodelphis,0,1.0,1
Adenolaimus,0,6.0,7
Adieronema,0,4.0,0
Admirandus,1,3.0,5
Adoncholaimus,26,27.0,32
Aduncospiculum,1,0,1
Adungella,0,3.0,3
Aegialoalaimidae,1,0,0
Aegialoalaimus,2,9.0,15
Aelurostrongylus,1,6.0,3
Aenigmenchus,0,1.0,0
Aequalodontium,0,1.0,1
Aetholaimus,1,5.0,5
Afenestrata,0,6.0,6
Afractinca,0,5.0,5
Afractinolaimus,0,5.0,5
Africana,0,8.0,1
Africanema,1,3.0,2
Africanthion,0,1.0,1
Afrina,2,0,1
Afritylenchus,0,1.0,0
Afrocarnoya,0,1.0,1
Afrodorylaimus,0,7.0,14
Afronygus,0,1.0,1
Afrophilometra,1,0,1
Agamascaris,0,2.0,1
Agamermis,7,6.0,18
Agamofilaria,0,2.0,0
Agamomermis,0,10.0,16
Agamospirura,0,10.0,1
Agfa,2,3.0,3
Aglenchus,5,14.0,18
Agmodorus,0,5.0,5
Agriostomum,0,5.0,0
Akanthepsilonema,0,2.0,3
Akrotonus,1,2.0,1
Alaeuris,0,38.0,41
Alaimella,3,2.0,3
Alaimidae,5,0,0
Alaimonema,0,1.0,1
Alaimus,18,52.0,50
Alainchabaudia,0,1.0,0
Alaninema,1,1.0,3
Albiziaphelenchus,0,1.0,1
Algoanema,0,1.0,1
Aliascaris,0,2.0,2
Alinema,1,1.0,2
Alippistrongylus,0,1.0,1
Alirhabditis,0,2.0,2
Allantonema,1,10.0,11
Allantonematidae,7,0,0
Allintoshius,0,8.0,0
Allodapa,0,5.0,4
Allodiplogaster,6,0.0,37
Allodorylaimus,7,27.0,30
Alloionema,5,5.0,5
Allomermis,1,3.0,4
Allotrichodorus,0,6.0,7
Allotylenchus,0,1.0,1
Alocostoma,2,2.0,0
Amblydorylaimus,1,1.0,1
Amblyonema,0,1.0,0
Amidostomoides,3,15.0,0
Amidostomum,1,7.0,14
Ammotheristus,0,2.0,2
Amphibelondira,0,5.0,3
Amphibiocapillaria,1,0,4
Amphibiogoezia,0,1.0,0
Amphibiomermis,0,6.0,18
Amphibiophilus,4,7.0,6
Amphicephaloides,1,1.0,0
Amphidelus,1,20.0,39
Amphidomermis,0,1.0,11
Amphidorylaimus,0,3.0,8
Amphimermis,3,23.0,17
Amphimonhystera,0,7.0,10
Amphimonhystrella,1,3.0,8
Amphisakis,0,1.0,0
Amphisbaenema,0,1.0,3
Amphispira,0,1.0,1
Amplicaecum,0,17.0,8
Amplimerlinius,7,22.0,27
Anadorella,0,1.0,1
Anandranema,0,1.0,0
Ananus,0,1.0,1
Anaplectus,14,12.0,19
Anaspiculuris,0,1.0,1
Anatonchidae,1,0,0
Anatonchus,6,13.0,28
Anatrichosoma,5,5.0,0
Anchidiplogaster,0,1.0,8
Anchobelondira,0,1.0,1
Ancylostoma,10,32.0,6
Ancylostomatidae,1,0,0
Ancyracanthopsis,1,8.0,4
Ancyracanthus,1,4.0,5
Andersonfilaria,0,2.0,0
Andersonstrongylus,0,2.0,0
Andrassy,0,nan,0
Andrassya,0,2.0,3
Angiocaulus,1,0,1
Angiostoma,11,21.0,26
Angiostrongylus,12,24.0,7
Anguillicola,5,1.0,7
Anguillicoloides,0,4.0,4
Anguillonema,2,4.0,4
Anguillula,0,2.0,25
Anguina,39,13.0,7
Anguinid,2,0,0
Anguinidae,4,0,0
Anguinoides,1,7.0,2
Angulocirrus,0,1.0,0
Angusticaecum,1,5.0,4
Angustinema,0,1.0,1
Anisakidae,130,0,0
Anisakis,155,26.0,35
Anivanema,0,1.0,1
Anomalomermis,0,4.0,2
Anomalostoma,0,1.0,1
Anomonema,4,1.0,2
Anomyctus,1,1.0,1
Anoncholaimus,0,1.0,1
Anonchus,0,10.0,11
Anoplostoma,41,23.0,28
Anoplostomatidae,2,0,0
Anoplostrongylus,0,2.0,1
Antarctenchus,1,1.0,3
Antarcticonema,0,3.0,3
Antarctylus,0,1.0,0
Antechiniella,1,4.0,1
Antechinostrongylus,0,1.0,0
Antholaimus,0,8.0,3
Anthonema,0,1.0,2
Anticoma,13,49.0,50
Anticomidae,12,0,0
Anticomopsis,0,4.0,6
Anticyathus,9,6.0,8
Anticyclus,0,8.0,8
Antomicron,1,6.0,11
Antopus,0,1.0,1
Anuronema,0,1.0,1
Aonchotheca,9,60.0,31
Aorolaimus,3,7.0,1
Aoruroides,3,7.0,6
Aorurus,1,4.0,8
Apenodraconema,0,2.0,2
Aphanimermis,0,1.0,0
Aphanolaimus,3,38.0,47
Aphanonchus,1,8.0,8
Aphasmatylenchus,0,4.0,0
Aphelenchoides,253,220.0,50
Aphelenchoididae,19,0,0
Aphelenchoidinae,3,0,0
Aphelenchulus,0,1.0,7
Aphelenchus,39,29.0,36
Apifilaria,0,1.0,1
Aplectana,10,65.0,50
Apodontium,0,4.0,3
Apoleptonchus,0,1.0,1
Aponchium,0,2.0,2
Aponcholaimus,0,1.0,1
Aponema,2,9.0,18
Aporcedorus,0,2.0,2
Aporcelaimellus,113,76.0,50
Aporcelaimidae,1,0,0
Aporcelaimoides,0,14.0,0
Aporcelaimus,4,35.0,49
Aporcelinus,12,41.0,34
Aporcella,13,5.0,22
Apratylenchoides,0,3.0,3
Apratylenchus,2,0,2
Aprocta,2,39.0,7
Aproctella,10,13.0,0
Aproctiana,0,4.0,0
Aproctoides,0,3.0,0
Aproctonema,0,3.0,3
Aprutides,1,2.0,2
Aquaemermis,0,3.0,4
Aquatides,2,16.0,15
Arabanema,0,1.0,1
Arachnomermis,0,4.0,2
Araeolaimida,1,0,0
Araeolaimus,5,34.0,50
Araguanema,0,3.0,1
Aranimermis,0,3.0,3
Arboritynchus,0,1.0,0
Archeonema,0,1.0,1
Archeostrongylus,0,19.0,1
Archepsilonema,0,8.0,8
Arctidorylaimus,0,4.0,5
Arctiplectus,0,1.0,1
Arenasoma,0,1.0,1
Arganema,0,1.0,1
Arnfieldia,0,1.0,0
Aronema,0,2.0,1
Arthrocephalus,0,1.0,1
Arthrostoma,2,5.0,1
Artigasia,0,34.0,39
Arundelia,1,1.0,0
Asakawanema,0,1.0,1
Ascaridia,8,37.0,0
Ascarididae,2,0,0
Ascaridiidae,1,0,0
Ascaridoidea,6,0,0
Ascaridomorpha,2,0,0
Ascaris,76,153.0,50
Ascarites,0,3.0,1
Ascarophis,4,47.0,50
Ascarops,1,9.0,1
Ascaroterakis,0,1.0,0
Ascolaimus,4,3.0,3
Ashworthius,1,9.0,2
Asperotobrilus,0,3.0,5
Aspiculuris,11,12.0,21
Aspidodera,13,9.0,0
Aspidonema,0,7.0,6
Astomonema,1,5.0,5
Asymmelaimus,1,0,1
Asymmetracantha,0,1.0,0
Asymmetrella,0,1.0,1
Asynmelaimus,0,2.0,0
Atalodera,11,13.0,0
Ataronema,0,1.0,1
Atetylenchus,6,6.0,9
Athernema,0,1.0,1
Athusia,0,2.0,0
Atlantadorus,0,1.0,0
Atractis,1,17.0,12
Atrochromadora,6,5.0,5
Atylenchus,0,1.0,1
Auanema,15,0.0,9
Auchenacantha,0,2.0,3
Aulacnema,0,1.0,1
Aulolaimoides,0,6.0,6
Aulolaimus,2,26.0,25
Aulonocephalus,1,1.0,0
Aulosphora,0,11.0,10
Australodorus,0,1.0,1
Austraplectana,0,1.0,2
Austromermis,0,1.0,1
Austronema,0,1.0,1
Austrostrongylus,3,13.0,0
Austroxyuris,0,1.0,1
Authority,0,0.0,0
Avellaria,0,2.0,0
Aviculariella,0,4.0,0
Avifilaris,0,2.0,0
Avilandras,0,1.0,0
Avioserpens,0,4.0,2
Axonchium,9,39.0,50
Axonchoides,1,1.0,2
Axonolaimidae,22,0,0
Axonolaimus,15,36.0,48
Baikalomermis,0,1.0,9
Bainechina,0,1.0,0
Bairdascaris,0,1.0,0
Bakeria,0,3.0,1
Bakernema,2,2.0,6
Baladorylaimus,0,1.0,1
Baldwinema,3,0.0,3
Bancroftinema,0,1.0,0
Baqriella,0,3.0,2
Barbonema,0,3.0,4
Barracudia,0,4.0,3
Baruscapillaria,4,36.0,18
Basilaphelenchus,11,3.0,8
Basirella,0,1.0,1
Basiria,33,55.0,50
Basirotyleptus,0,44.0,34
Bastiania,4,9.0,9
Bathmostomum,0,1.0,0
Bathychaetosoma,0,1.0,1
Bathyepsilonema,0,26.0,18
Bathyeurystomina,11,4.0,3
Bathylaimella,0,1.0,1
Bathylaimus,33,35.0,43
Bathymermis,0,5.0,21
Bathynox,0,1.0,1
Bathyodontus,2,3.0,3
Batracholandros,2,4.0,5
Batrachonema,0,3.0,0
Batrachostrongylus,0,1.0,0
Baujardia,1,0.0,1
Bauruascaris,0,4.0,2
Baylisascaris,13,14.0,7
Bealius,1,4.0,1
Beaninema,0,0.0,0
Befilaria,0,2.0,0
Belaxellus,0,1.0,1
Belbolla,2,12.0,22
Belgopeltula,0,1.0,1
Bellodera,0,1.0,0
Belondira,6,47.0,48
Belondirella,0,2.0,3
Belondonygolaimellus,0,0.0,0
Belonolaimidae,1,0,0
Belonolaimus,7,5.0,11
Bendiella,1,6.0,3
Benthimermis,0,30.0,30
Berntsenus,0,2.0,0
Bertzuckermania,0,1.0,1
Betulodera,4,1.0,1
Beveridgea,0,5.0,0
Beveridgiella,1,4.0,0
Bhalfilaria,0,1.0,0
Biacantha,0,1.0,0
Biarmifer,0,3.0,5
Bicirronema,1,4.0,3
Bidentostomum,1,1.0,0
Bidigiticauda,1,4.0,1
Biguetius,0,1.0,1
Bilobodera,1,2.0,0
Bilobostoma,1,1.0,1
Binema,5,12.0,15
Bioccastrongylus,0,1.0,0
Biogastranema,0,1.0,0
Bisbalia,0,1.0,0
Bispiculum,0,1.0,1
Bissonema,0,1.0,1
Bitylenchus,10,32.0,44
Blaberinema,0,1.0,1
Blandicephalanema,0,5.0,6
Blanusia,0,0.0,1
Blatticola,1,11.0,11
Blattophila,3,13.0,15
Blazionema,0,1.0,1
Blepharomermis,0,1.0,1
Bodonema,0,1.0,1
Boehmiella,0,2.0,0
Bolbellia,0,6.0,1
Bolbinium,0,1.0,1
Bolbolaimus,1,16.0,22
Bolbonema,2,11.0,7
Boleodorus,12,27.0,36
Bongersia,0,1.0,1
Boomerangia,0,2.0,2
Boraceianema,0,1.0,1
Borania,0,1.0,0
Boreolaimus,0,7.0,8
Boreomicrolaimoides,0,1.0,1
Borrellostrongylus,0,1.0,1
Bostrichodera,0,1.0,0
Boucherius,0,1.0,2
Bourgelatia,1,1.0,0
Bourgelatioides,0,1.0,0
Bovienema,0,5.0,4
Boydinema,0,1.0,0
Brachonchulus,0,1.0,2
Brachyclonus,0,1.0,0
Brachydorus,0,3.0,3
Bradybucca,0,1.0,2
Bradylaimus,1,1.0,2
Bradynema,3,8.0,8
Bradypostrongylus,0,2.0,0
Brasilaimus,0,7.0,18
Brasilnema,0,1.0,2
Breinlia,13,22.0,1
Brevibucca,3,3.0,4
Brevibuccidae,1,0,0
Brevigraphidium,0,1.0,0
Brevinema,0,1.0,0
Brevistriata,0,5.0,3
Brevithominx,0,0.0,0
Brevitobrilus,2,0,13
Brittonema,0,3.0,6
Bronchonema,0,1.0,0
Brugia,25,10.0,0
Brumptaemilius,20,13.0,14
Brygoonema,0,10.0,0
Buccolaimus,0,1.0,1
Buckleyatractis,0,1.0,1
Buckleyella,1,4.0,2
Buckleynema,0,7.0,4
Buetschlinema,1,5.0,6
Bufonerakis,0,2.0,1
Bullaenema,0,1.0,1
Bunomystrongylus,0,4.0,1
Bunonema,35,19.0,27
Bunostomum,5,8.0,2
Burmanema,0,1.0,0
Bursadera,0,1.0,1
Bursaphelenchus,154,174.0,50
Bursilla,0,8.0,9
Butlerius,5,17.0,18
Buzionema,2,1.0,1
Caballeronema,0,2.0,2
Caballonema,0,1.0,0
Cacolaimus,0,1.0,1
Cacopaurus,1,1.0,2
Cactodera,27,20.0,18
Caenorhabditis,89,56.0,50
Caenostrongylus,0,1.0,0
Cagourakis,0,1.0,0
Calcaridorylaimus,5,10.0,11
Californidorus,2,4.0,4
Caligocanna,0,1.0,2
Calligyrus,0,2.0,2
Callistoura,0,1.0,1
Calodium,2,0,7
Calolaimus,0,8.0,7
Calomicrolaimus,11,1.0,15
Caloosia,1,11.0,19
Calvigula,0,1.0,0
Calypsostrongylus,0,3.0,2
Calyptronema,9,19.0,21
Camacolaimidae,1,0,0
Camacolaimus,19,0,50
Camallanidae,1,0,0
Camallanides,0,13.0,0
Camallanus,14,124.0,50
Camelodera,0,1.0,0
Camelostrongylus,1,20.0,5
Cameronecator,0,1.0,0
Cameronia,3,14.0,2
Campanarougetia,0,2.0,0
Campbellenchus,0,2.0,2
Camponotimermis,0,0.0,2
Campydora,1,1.0,2
Campydoroides,0,1.0,1
Campylaimus,6,29.0,25
Capillaria,88,168.0,8
Capillariidae,1,0,0
Capillariinae,1,0,0
Capillospirura,2,0,3
Capillostrongyloides,0,9.0,10
Capilonchus,0,2.0,2
Capitomermis,0,7.0,9
Caprionchulus,0,1.0,1
Captivonema,0,2.0,1
Caputonchus,0,1.0,1
Carabonema,0,1.0,1
Caranginema,1,0,1
Carcharodiscus,1,0,9
Carcharolaimus,2,11.0,25
Cardianema,0,1.0,0
Cardiofilaria,1,9.0,1
Cardiostrongylus,0,1.0,0
Caribenema,0,5.0,5
Caribplectus,0,1.0,2
Carinoscapter,0,1.0,1
Carlosia,0,1.0,1
Carnoya,4,30.0,29
Carnoychaeta,0,1.0,1
Carnoyidae,1,0,0
Carolinensis,3,7.0,1
Caroloxyuris,0,1.0,1
Carostrongylus,0,1.0,0
Carphodorus,1,1.0,1
Caryboca,0,4.0,4
Cascofilaria,0,6.0,3
Cassunema,1,1.0,0
Castorstrongylus,0,1.0,0
Catanema,8,4.0,8
Catoralaimellus,0,1.0,1
Cattiena,2,2.0,2
Caveonchus,0,5.0,4
Caviputa,0,10.0,10
Cenolaimus,0,2.0,2
Cephalanticoma,3,1.0,4
Cephalenchus,25,20.0,24
Cephalobellus,4,34.0,36
Cephalobidae,23,0,0
Cephalobium,0,13.0,13
Cephaloboides,7,25.0,13
Cephalobus,35,30.0,50
Cephalochaetosoma,0,1.0,2
Cephalodorylaimus,0,2.0,2
Cephaluris,5,7.0,7
Ceramonema,7,21.0,34
Ceramonematidae,2,0,0
Ceratomermis,0,1.0,1
Ceratoplectus,6,6.0,8
Ceratosolenus,0,2.0,2
Ceratospira,0,4.0,0
Cercogylus,0,1.0,0
Cercopithifilaria,17,25.0,2
Cervidellus,18,16.0,37
Cervoannulatus,0,1.0,1
Cervonema,4,20.0,20
Cervonemella,0,1.0,0
Chabaudechina,0,2.0,0
Chabaudiella,0,1.0,0
Chabaudistrongylus,0,3.0,2
Chabaudstrongylus,1,2.0,0
Chabertia,2,7.0,2
Chabertiella,0,1.0,0
Chabfilaria,0,2.0,0
Chabirenia,0,0.0,0
Chaetonema,5,6.0,10
Chalcidonema,0,1.0,1
Chambersiella,0,1.0,3
Chandlerella,3,25.0,5
Chandleronema,0,1.0,0
Chapiniella,0,4.0,1
Cheilobus,0,1.0,6
Cheilonematodum,0,1.0,0
Cheilospirura,1,12.0,2
Cheironchus,3,8.0,10
Cheiropteronema,0,1.0,0
Cheloniheterakis,0,1.0,0
Cherylia,0,1.0,0
Chevreuxia,1,5.0,2
Chilenchus,0,1.0,1
Chilonema,0,1.0,1
Chiloplacoides,0,1.0,1
Chiloplacus,12,33.0,50
Chiloplectus,1,0,8
Chiropterofilaria,0,1.0,0
Chisholmia,0,4.0,2
Chitinotylenchus,0,5.0,2
Chitwoodchabaudia,0,1.0,0
Chitwoodia,0,2.0,5
Chitwoodiella,1,8.0,6
Chitwoodiellus,0,5.0,6
Chitwoodieloides,0,3.0,3
Chitwoodius,1,15.0,16
Chitwoodspirura,0,1.0,0
Chlamydoprocta,0,1.0,0
Chloronemella,0,1.0,1
Choanolaimus,4,1.0,1
Chondronema,0,1.0,0
Choniangium,0,3.0,1
Choniolaimus,2,5.0,9
Chordatortilis,0,1.0,0
Chordocephalus,0,5.0,1
Choriorhabditis,5,4.0,28
Christiella,0,3.0,4
Chromadora,6,29.0,50
Chromadorea,2,0,0
Chromadorella,4,14.0,29
Chromadorid,1,0,0
Chromadorida,6,0,0
Chromadoridae,89,0,0
Chromadorina,11,27.0,43
Chromadorissa,0,3.0,4
Chromadorita,48,38.0,50
Chromadoropsis,1,5.0,7
Chromaspirina,4,27.0,36
Chronogaster,7,43.0,50
Chronogastridae,1,0,0
Chrysomelimermis,0,1.0,0
Chrysonema,1,10.0,1
Chylorhabditis,1,0,1
Cienfuegia,0,1.0,1
Cinctonema,0,3.0,4
Cissophyllus,1,4.0,4
Citellina,0,11.0,13
Citellinema,8,7.0,0
Citellinoides,0,1.0,0
Cithariniella,0,4.0,4
Cladocephalus,0,1.0,3
Clarkus,16,12.0,32
Clavicauda,0,4.0,3
Clavicaudoides,8,0,12
Clavicuadoides,0,11.0,0
Clavinema,2,3.0,3
Clementeia,0,3.0,4
Cloacina,71,159.0,19
Cnizostrongylus,0,1.0,0
Coarctadera,0,9.0,9
Cobbia,1,13.0,18
Cobbionema,2,5.0,6
Cobboldina,0,3.0,1
Cobbonchulus,0,1.0,1
Cobbonchus,0,32.0,41
Codiostomum,0,1.0,1
Colbranium,0,1.0,1
Colobostrongylus,0,2.0,0
Colporhabditis,0,1.0,1
Columbostrongylus,0,1.0,0
Comephoronema,2,7.0,8
Comesa,2,11.0,11
Comesoma,2,13.0,19
Comesomatidae,27,0,0
Comesomoides,0,1.0,1
Congerinema,0,1.0,1
Conilia,0,4.0,3
Coninckia,0,5.0,7
Conispiculum,0,3.0,0
Contortylenchus,7,20.0,12
Contracaecum,197,108.0,50
Coomansinema,0,13.0,9
Coomansus,3,21.0,34
Cooperia,33,33.0,9
Copalonema,0,1.0,0
Copemania,0,1.0,0
Coprotylenchus,0,1.0,0
Cordicauda,0,12.0,0
Cordonicola,2,2.0,2
Corethrellonema,0,1.0,1
Cornilaimus,0,1.0,1
Cornurella,1,1.0,1
Corollonema,0,1.0,0
Corollostrongylus,0,1.0,0
Coronocephalus,0,2.0,2
Coronocyclus,3,6.0,0
Corononema,0,2.0,3
Coronostoma,1,8.0,7
Coronostrongylus,4,9.0,1
Corpicracens,0,1.0,1
Corydiella,0,2.0,2
Corythostoma,0,3.0,3
Cosalaimus,0,6.0,4
Coslenchus,24,40.0,45
Cosmocephalus,2,10.0,14
Cosmocerca,23,43.0,45
Cosmocercella,0,10.0,2
Cosmocercidae,8,0,0
Cosmocercoides,9,34.0,31
Cosmostrongylus,0,1.0,0
Cosmoxynema,0,1.0,1
Cosmoxynemoides,0,3.0,3
Costanemella,0,1.0,1
Cotylenchus,1,0,0
Courduriella,0,1.0,0
Coynema,1,0,0
Cranifera,1,2.0,2
Craspedonema,0,3.0,5
Crassibucca,0,4.0,6
Crassicauda,22,12.0,14
Crassinema,0,1.0,1
Crassogula,0,1.0,1
Crassolabium,3,5.0,45
Crassolaimus,0,2.0,2
Crassonchus,0,12.0,6
Crateronema,0,2.0,3
Craterostomum,1,2.0,1
Creagrocercus,1,1.0,3
Crenatobronema,0,1.0,0
Crenopharynx,3,11.0,14
Crenosoma,11,16.0,9
Crestanema,0,1.0,1
Crestonchulus,0,1.0,1
Cretaciaphelenchoides,0,1.0,1
Cretacimermis,0,5.0,9
Cretodiplogaster,0,1.0,1
Cribronema,0,3.0,1
Cricodorylaimus,0,1.0,2
Cricohalalaimus,1,0,1
Cricolaimus,0,2.0,2
Criconema,41,106.0,50
Criconematidae,9,0,0
Criconematoidea,2,0,0
Criconemella,1,0,50
Criconemoides,39,45.0,50
Criptonchus,0,1.0,5
Cristamphidelus,0,8.0,7
Cristitectus,0,1.0,1
Crocodorylaimus,1,10.0,15
Crocodylocapillaria,0,1.0,1
Croconema,0,19.0,17
Croserinema,0,3.0,3
Crossocephalus,0,4.0,1
Crossonema,12,36.0,50
Crossophorus,0,1.0,4
Cruorifilaria,2,1.0,0
Crustafila,0,1.0,1
Crustorhabditis,2,5.0,8
Cruzia,3,12.0,2
Cruznema,15,8.0,17
Crycophorus,0,1.0,0
Cryonema,0,2.0,2
Cryphodera,20,15.0,1
Cryptaphelenchoides,0,5.0,1
Cryptaphelenchus,25,34.0,17
Cryptenoplus,0,1.0,1
Cryptolaimus,0,2.0,2
Cryptonchus,2,4.0,5
Ctenascarophis,0,2.0,2
Ctenodactylina,0,1.0,1
Cucullanidae,2,0,0
Cucullaninae,1,0,0
Cucullanus,21,189.0,50
Cucullitylenchus,0,1.0,1
Culicimermis,0,3.0,4
Cupostomella,0,1.0,1
Curvicaudatum,0,1.0,0
Curviditis,0,2.0,7
Curvidorylaimus,0,1.0,2
Curvolaimus,0,5.0,5
Cuticonema,1,1.0,1
Cuticularia,3,6.0,9
Cutidiplogaster,1,0,1
Cyartonema,6,9.0,10
Cyatholaimidae,38,0,0
Cyatholaimus,8,26.0,50
Cyathonchus,0,1.0,1
Cyathoshiva,0,2.0,1
Cyathospirura,0,6.0,2
Cyathostoma,6,18.0,8
Cyathostominae,56,0,0
Cyathostomum,7,32.0,9
Cyclobulura,0,1.0,0
Cyclodontostomum,1,3.0,1
Cyclopsinema,0,1.0,0
Cyclostrongylus,7,10.0,0
Cyclozone,0,1.0,1
Cygnonema,0,1.0,3
Cylicocyclus,10,18.0,10
Cylicodontophorus,2,8.0,5
Cylicolaimus,7,5.0,9
Cylicospirura,3,10.0,2
Cylicostephanus,10,15.0,7
Cylicostrongylus,0,3.0,0
Cylindrolaimus,4,22.0,25
Cylindropharynx,3,7.0,0
Cynura,1,5.0,5
Cyrnea,3,28.0,6
Cyrtosomum,0,7.0,1
Cystidicola,2,9.0,10
Cystidicoloides,1,7.0,5
Cystocaulus,1,4.0,2
Cystofilaria,0,1.0,0
Cystoopsis,1,3.0,2
Cytolaimium,0,2.0,4
Dacnitis,0,1.0,2
Dacnitoides,8,1.0,2
Dactylaimoides,0,1.0,1
Dactylaimus,0,1.0,1
Dactyluraxonchium,0,2.0,2
Dagda,1,1.0,3
Daniconema,0,1.0,1
Daptonema,59,167.0,50
Dartevellenia,0,1.0,0
Dasylaimus,0,1.0,1
Dasynemella,1,6.0,7
Dasynemoides,2,6.0,16
Daubaylia,3,9.0,2
Daubneyia,0,7.0,0
Davenema,1,1.0,1
Dayellus,0,1.0,1
Decamermis,0,1.0,1
Decorataria,1,0,1
Decrusia,0,1.0,0
Deficephalobus,1,3.0,3
Deladenus,85,40.0,25
Delatylus,1,1.0,1
Deletrocephalus,1,2.0,1
Deleyia,0,2.0,2
Delicata,0,10.0,20
Deliria,0,1.0,0
Deltanema,0,1.0,1
Demaniella,4,6.0,8
Demonema,1,1.0,1
Dentatonema,0,1.0,1
Denticulella,1,4.0,5
Denticulospirura,0,1.0,0
Dentinema,0,1.0,0
Dentiphilometra,2,3.0,3
Dentirumai,0,1.0,1
Dentolaimoides,0,1.0,0
Dentomermis,0,1.0,1
Dentostomella,1,6.0,6
Deontolaimus,7,7.0,29
Deontostoma,8,16.0,26
Dermatopallarya,0,1.0,1
Dermatoxys,0,9.0,12
Desmicola,3,9.0,9
Desmidocerca,0,1.0,2
Desmidocercella,1,4.0,3
Desmodora,24,78.0,50
Desmodorella,5,14.0,16
Desmodorida,1,0,0
Desmodoridae,30,0,0
Desmognathinema,0,3.0,0
Desmolaimoides,0,1.0,1
Desmolaimus,11,18.0,23
Desmolorenzenia,0,13.0,13
Desmoscolecidae,94,0,0
Desmoscolex,14,99.0,50
Desmotimmia,0,1.0,1
Desmotricoma,0,1.0,1
Desportesius,1,10.0,15
Dessetfilaria,0,2.0,0
Dessetia,0,1.0,1
Dessetostrongylus,0,3.0,0
Devibursaphelenchus,11,8.0,4
Diaphanocephalus,1,1.0,0
Diastolaimus,3,2.0,5
Dicelis,7,18.0,1
Diceloides,0,1.0,0
Dicerocola,0,1.0,0
Diceronema,0,1.0,1
Dicheilonema,0,10.0,2
Dichelyne,11,63.0,35
Dichromadora,38,2.0,41
Dictyocaulus,28,16.0,11
Didelphonema,0,1.0,0
Didelphostrongylus,1,1.0,0
Didelphoxyuris,0,1.0,1
Didelphyoptera,0,1.0,0
Didelphysoma,0,1.0,0
Didelta,0,5.0,7
Didilia,0,1.0,1
Digitiphilometroides,1,1.0,1
Dinetia,0,2.0,4
Dintheria,1,1.0,1
Dioctophyme,2,1.0,1
Dioctowittus,0,4.0,0
Diodontolaimus,0,3.0,4
Diomedenema,2,3.0,3
Dipetalonema,21,38.0,3
Diphterophora,2,0,41
Diphtherophora,19,37.0,41
Diplobathylaimus,0,1.0,1
Diplogaster,4,7.0,50
Diplogasteriana,2,1.0,3
Diplogasterid,1,0,0
Diplogasteridae,16,0,0
Diplogasteritus,1,3.0,30
Diplogasteroides,19,37.0,47
Diplogasteromorpha,2,0,0
Diplogastrellus,7,2.0,20
Diplogastridae,12,0,0
Diplolaimella,15,11.0,16
Diplolaimelloides,7,11.0,14
Diplonema,0,1.0,1
Diplopeltidae,3,0,0
Diplopeltis,2,6.0,17
Diplopeltoides,5,23.0,22
Diplopeltoididae,1,0,0
Diplopeltula,1,6.0,36
Diploscapter,18,14.0,18
Diploscapteroides,1,7.0,8
Diplotriaena,3,65.0,16
Diptenchus,0,1.0,1
Dipteromermis,0,1.0,1
Dirofilaria,23,47.0,4
Dirofilariaeformia,0,1.0,0
Dirofilarionema,0,1.0,0
Discocriconemella,5,31.0,40
Discoditis,0,2.0,2
Discolaimium,2,36.0,50
Discolaimoides,3,16.0,19
Discolaimus,13,42.0,50
Discomermis,0,1.0,1
Discomyctus,0,10.0,10
Disconema,0,8.0,9
Discopersicus,2,0.0,1
Discotylenchus,5,10.0,9
Dispharynx,2,0,5
Dispira,0,1.0,1
Distolabrellus,3,3.0,7
Ditlevsenella,0,4.0,5
Ditremamermis,0,2.0,2
Ditylenchus,121,89.0,50
Divisispiculimermis,0,1.0,0
Diximermis,0,1.0,2
Doanhnema,0,0.0,5
Dogielophis,0,1.0,0
Dolichodera,1,1.0,1
Dolichodorus,6,20.0,26
Dolicholaimus,2,10.0,17
Dolichorhabditis,0,10.0,6
Dolichosomatum,0,1.0,1
Doliolaimus,0,1.0,1
Dollfusnema,0,2.0,1
Dollfusstrongylus,0,1.0,0
Dominicactinolaimus,0,1.0,0
Domorganus,1,10.0,10
Donsinema,0,1.0,1
Donsinemella,0,1.0,1
Dorcopsinema,0,10.0,2
Dorcopsistrongylus,0,3.0,1
Dorella,0,4.0,1
Doronchus,0,2.0,2
Dorydorella,2,4.0,3
Dorylaimellus,5,85.0,50
Dorylaimida,12,0,0
Dorylaimidae,4,0,0
Dorylaimina,2,0,0
Dorylaimoidea,7,0,0
Dorylaimoides,7,80.0,50
Dorylaimopsis,10,33.0,34
Dorylaimus,11,28.0,50
Doryllium,1,16.0,19
Doryonchus,0,1.0,0
Dracogalerus,0,3.0,4
Dracognomus,1,7.0,8
Dracograllus,6,21.0,32
Draconactus,0,2.0,2
Draconema,4,22.0,40
Draconematidae,41,0,0
Dracotoronema,0,1.0,0
Dracunculus,12,11.0,3
Draschia,0,1.0,1
Drasico,2,4.0,2
Drepanodorylaimus,1,18.0,22
Drilocephalobus,1,7.0,11
Drilomermis,0,1.0,1
Drilonema,0,1.0,0
Dromaeostrongylus,1,1.0,0
Dujardinascaris,3,32.0,20
Dukerostrongylus,0,1.0,0
Dunnifilaria,0,3.0,0
Duosulcius,0,2.0,2
Duplicaecum,0,1.0,0
Durettechina,0,1.0,0
Durettenema,2,4.0,2
Durettestrongylus,0,4.0,0
Duriella,0,1.0,1
Durikainema,0,2.0,2
Durinema,0,2.0,2
Echinocephalus,11,17.0,29
Echinocoleus,0,5.0,3
Echinodesmodora,0,3.0,3
Echinodorus,0,1.0,2
Echinomermella,1,2.0,2
Echinotheristus,0,2.0,2
Echinuria,1,12.0,12
Echinurioides,0,1.0,0
Echonema,0,1.0,0
Ecphyadophora,15,8.0,11
Ecphyadophoroides,0,2.0,9
Ecuadorus,0,1.0,1
Ecumenicus,16,4.0,4
Edesonfilaria,0,2.0,0
Egtitis,0,20.0,32
Ekphymatodera,1,1.0,0
Ektaphelenchidae,1,0,0
Ektaphelenchoides,21,21.0,14
Ektaphelenchus,19,35.0,20
Elaeolenchus,0,1.0,0
Elaeophora,2,4.0,2
Elaphonema,0,6.0,6
Elaphostrongylus,3,5.0,3
Eleutherolaimus,6,27.0,29
Elzalia,1,13.0,13
Enchelidiella,0,1.0,1
Enchelidiidae,11,0,0
Enchelidium,0,8.0,16
Enchodeloides,1,1.0,1
Enchodelus,15,37.0,50
Enchodorus,2,4.0,3
Encholaimus,0,2.0,2
Endeolophos,3,5.0,5
Enoplea,2,0,0
Enoplida,4,0,0
Enoplochilus,0,1.0,1
Enoploides,98,8.0,48
Enoplolaimus,30,42.0,50
Enoplus,16,51.0,50
Entaphelenchus,0,6.0,6
Enterobiinae,3,0,0
Enterobius,7,27.0,23
Entomelas,6,9.0,5
Eomermis,0,1.0,0
Eophasma,0,2.0,1
Epacanthion,11,33.0,34
Epacrolaimus,1,2.0,3
Epicharinema,0,1.0,1
Epidorylaimus,9,14.0,17
Epimenides,0,1.0,1
Epitobrilus,2,25.0,21
Epomidiostomum,0,15.0,6
Epsilonema,6,115.0,27
Epsilonematidae,90,0,0
Equilophos,0,4.0,2
Equinurbia,0,1.0,0
Ereptonema,1,5.0,8
Esocinema,1,1.0,1
Etamphidelus,0,10.0,17
Ethmodora,0,1.0,0
Ethmolaimidae,1,0,0
Ethmolaimus,1,17.0,22
Eubostrichus,7,12.0,16
Eucephalobus,29,11.0,34
Euchromadora,12,26.0,48
Euchromanema,0,2.0,2
Eucoleus,21,34.0,25
Eucyathostomum,0,6.0,0
Eudorylaimus,32,107.0,50
Eudromoxyura,0,1.0,2
Eudronema,0,1.0,1
Eufilaria,3,17.0,4
Eulimdana,1,0,12
Eumermis,0,2.0,4
Eumonhystera,11,36.0,50
Euryconema,0,2.0,2
Eurymermis,0,8.0,34
Eurystomina,8,47.0,50
Eustrongylides,120,17.0,8
Eusynonchus,0,2.0,2
Euteratocephalus,4,6.0,8
Eutobrilus,3,40.0,41
Eutylenchus,2,6.0,7
Euzetoda,0,1.0,0
Evaginuris,0,1.0,1
Excisa,0,5.0,1
Expressonema,0,1.0,1
Ezonema,0,2.0,0
Falcaustra,11,71.0,50
Falcihasta,0,4.0,4
Fastigiuris,0,1.0,1
Fellicola,0,1.0,1
Fenestrolaimus,0,4.0,5
Fergusobia,140,49.0,32
Feroxides,0,1.0,1
Fescia,0,1.0,1
Ficophagus,27,0.0,23
Ficotylus,2,2.0,1
Fictor,6,20.0,48
Filaria,10,44.0,50
Filarinema,2,13.0,1
Filarioid,1,0,0
Filarioidea,19,0,0
Filariopsis,1,4.0,1
Filarissima,0,1.0,0
Filaroides,1,13.0,6
Filenchus,58,63.0,50
Filicapitis,0,1.0,0
Filidicolaimus,0,2.0,0
Filipjeva,0,7.0,7
Filipjevia,0,1.0,4
Filiponema,2,10.0,4
Filitonchoides,0,1.0,1
Filitonchus,0,3.0,3
Filoncholaimus,0,5.0,6
Filostrongylus,0,2.0,0
Filotermes,0,1.0,1
Fissicauda,0,7.0,0
Fitzsimmonsnema,0,1.0,1
Flagicaudoides,0,1.0,1
Flannerystrongylus,0,1.0,1
Fleuronema,0,3.0,3
Foleyella,2,10.0,1
Foleyellides,7,16.0,10
Foliostoma,1,1.0,0
Fontesia,0,2.0,0
Fontonema,0,1.0,1
Formicitylenchus,0,1.0,0
Formicodiplogaster,0,1.0,1
Fotolaimus,1,1.0,3
Fraglenchus,0,1.0,1
Freitasascaris,0,1.0,0
Freitascapillaria,0,1.0,1
Freitasia,0,1.0,0
Freitastrongylus,0,1.0,0
Fuellebornema,0,7.0,0
Fukumotonema,0,6.0,3
Funaria,5,12.0,18
Fungiotonchium,0,4.0,5
Furconema,0,1.0,1
Fuscheila,0,2.0,2
Fuscicorpa,0,1.0,0
Fusivermis,0,1.0,1
Fusonema,0,1.0,1
Gaigeria,0,1.0,0
Gairleanema,0,1.0,2
Galebia,0,1.0,1
Galeiceps,0,4.0,0
Galinanema,0,1.0,1
Gallegostrongylus,0,4.0,1
Galoncus,0,23.0,0
Gammanema,10,14.0,17
Gammarinema,2,8.0,8
Gammaromermis,0,3.0,4
Gastromermis,3,82.0,50
Gatesnema,0,1.0,0
Gazellostrongylus,0,1.0,0
Gendrespirura,7,1.0,0
Gendria,2,7.0,12
Genus,0,0.0,0
Geocenamus,11,21.0,50
Geomonhystera,16,39.0,30
Geopetitia,0,4.0,1
Geoscaphenema,0,1.0,1
Geraldius,4,1.0,1
Gerlachius,0,2.0,2
Gerthus,0,4.0,4
Gessyella,0,1.0,1
Gibsonnema,0,2.0,0
Gilsonema,1,2.0,2
Glaber,0,3.0,3
Glistrongylus,0,1.0,1
Globocephaloides,3,3.0,0
Globocephalus,3,33.0,2
Globodera,56,17.0,21
Glochidorella,0,5.0,6
Glochinema,0,6.0,8
Glomerinema,0,4.0,4
Gnathostoma,20,19.0,11
Gnomoxyala,0,1.0,1
Gobindonema,0,1.0,2
Goezia,2,39.0,31
Goferus,0,1.0,1
Goffartia,0,7.0,7
Golovatchinema,0,1.0,1
Gomphionchus,0,1.0,0
Gomphionema,4,4.0,5
Gongylonema,11,38.0,17
Gonionchus,2,14.0,14
Gonofilaria,0,1.0,0
Goodeyella,0,1.0,1
Gopalus,0,1.0,1
Gopheruris,0,1.0,1
Gordiomermis,0,1.0,1
Gracilacus,12,0,50
Gracilancea,0,1.0,1
Grahamius,0,1.0,1
Grammocephalus,0,3.0,1
Granonchulus,1,4.0,6
Granulinema,0,2.0,2
Graphidiella,1,3.0,1
Graphidioides,1,9.0,0
Graphidiops,0,7.0,0
Graphidium,1,1.0,1
Graphinema,0,1.0,0
Graphonema,4,10.0,19
Grassenema,1,1.0,1
Greeffiella,2,11.0,14
Greeffiellopsis,0,1.0,1
Gryllophila,1,10.0,12
Gubalonus,0,1.0,1
Gubernaculimermis,0,1.0,1
Gubernaculomeres,0,2.0,0
Guerrerostrongylus,2,4.0,1
Guitartia,0,1.0,1
Gullanema,0,1.0,1
Gurltia,2,1.0,0
Guyanema,0,5.0,2
Gyalocephalus,1,1.0,1
Gymnotylenchus,0,3.0,3
Gymnotyleptus,0,2.0,2
Gynaecometra,0,1.0,1
Gynopoecilia,0,1.0,0
Gyrinicola,5,5.0,6
Habronema,3,26.0,7
Hadjelia,1,12.0,1
Hadrodenus,1,2.0,2
Hadronchoides,0,2.0,2
Hadronchulus,0,3.0,3
Hadronchus,0,2.0,7
Haematozoon,0,2.0,3
Haemonchus,32,14.0,2
Hakynema,0,1.0,1
Halalaimus,86,85.0,50
Halanonchus,0,9.0,10
Halaphanolaimus,0,6.0,11
Halenchus,1,3.0,5
Halicephalobus,131,8.0,11
Halichoanolaimus,18,36.0,46
Halicylindrolaimus,0,1.0,1
Halinema,0,4.0,4
Haliplectus,15,31.0,33
Halocercus,5,14.0,18
Halodorylaimus,0,3.0,2
Halomonhystera,35,36.0,22
Hamatospiculum,0,9.0,4
Hammerschmidtiella,6,15.0,15
Hapalomus,0,2.0,2
Haplacis,0,1.0,1
Haplodidentus,0,1.0,0
Haplonema,0,7.0,1
Haptotricoma,0,3.0,3
Haroldakis,0,1.0,0
Harpagonchoides,0,1.0,1
Harpagonchus,0,2.0,2
Hartertia,0,10.0,4
Hartwichia,0,1.0,1
Hasanuddinia,0,5.0,2
Hasegawanema,0,10.0,5
Hassalstrongylus,3,19.0,2
Hastospiculum,0,8.0,0
Hatterianema,0,1.0,0
Haycocknema,1,1.0,1
Hedruris,4,20.0,25
Hekarella,0,1.0,1
Heleidomermis,1,4.0,3
Helicobelondira,0,1.0,1
Heliconema,3,21.0,22
Helicotylenchus,110,205.0,50
Heligmodentostoma,0,1.0,0
Heligmonella,0,4.0,2
Heligmonellidae,3,0,0
Heligmonina,0,20.0,0
Heligmonoides,1,13.0,1
Heligmoptera,0,4.0,0
Heligmosomoides,15,36.0,12
Heligmosomum,2,28.0,13
Heligmostrongylus,1,9.0,0
Heligmus,0,1.0,1
Helionema,0,1.0,0
Helmabia,0,6.0,6
Helminthoxys,1,9.0,10
Hemicaloosia,6,7.0,12
Hemicriconemoides,49,56.0,50
Hemicycliophora,102,5.0,50
Hemiplectus,1,1.0,1
Hempelia,0,1.0,0
Hepatinema,0,2.0,0
Hepatojarakus,0,4.0,0
Hepatospina,0,1.0,0
Heptochona,0,7.0,5
Herpetostrongylus,1,4.0,1
Heterakis,13,47.0,26
Heterakoidea,1,0,0
Heteroanguina,2,0,0
Heterocephalobellus,3,3.0,4
Heterocephalobus,1,4.0,30
Heterocheilus,2,2.0,4
Heterodera,175,86.0,50
Heteroderidae,5,0,0
Heterodorus,5,4.0,32
Heterogonema,0,1.0,1
Heteromorphotylenchus,0,2.0,0
Heteromyoxyuris,0,2.0,2
Heteropleuronema,0,1.0,1
Heterorhabditis,302,27.0,38
Heterospiculum,0,2.0,1
Heterostrongylus,1,1.0,0
Heterotylenchus,0,3.0,7
Heterotyphlum,0,3.0,2
Heteroxynema,1,8.0,11
Heth,12,50.0,46
Hexamermis,8,36.0,50
Hexametra,1,12.0,2
Hexapapillostomum,0,1.0,0
Hexatylus,4,20.0,10
Heydenius,0,26.0,9
Heynsaxonchium,0,1.0,1
Hieminema,0,1.0,1
Hilgertia,0,2.0,2
Himatidiophila,0,1.0,1
Hippopotamenema,0,1.0,1
Hirschmanniella,32,33.0,50
Histiocephalus,0,4.0,1
Histiostrongylus,0,4.0,1
Histodytes,0,1.0,1
Histotylenchus,1,7.0,7
Hoazinstrongylus,0,1.0,0
Hoepplius,0,1.0,1
Hofmaenneria,0,8.0,12
Hoineffia,7,0,0
Homungella,1,9.0,2
Hoplodontophorus,0,1.0,1
Hoplolaimidae,1,0,0
Hoplolaimus,19,44.0,27
Hoplotylus,2,5.0,8
Hopperia,4,20.0,17
Hovorkonema,1,3.0,0
Howardula,25,25.0,11
Hsiungia,0,1.0,0
Huffmanela,5,17.0,22
Hughjonestrongylus,0,20.0,9
Hugotdiplogaster,0,1.0,1
Hugotnema,0,5.0,0
Hulqus,0,3.0,3
Huntia,1,0,1
Hyalaimus,0,1.0,1
Hydrochoerisnema,0,1.0,0
Hydromermis,0,50.0,50
Hylonema,0,1.0,0
Hyostrongylus,2,7.0,1
Hypocristata,0,3.0,0
Hypodontolaimus,7,30.0,45
Hypodontus,1,3.0,0
Hyptiolaimus,0,1.0,1
Hysterothylacium,206,122.0,50
Hystrichis,1,7.0,6
Hystrignathus,3,19.0,28
Ibipora,1,5.0,5
Ibrahimia,0,1.0,0
Ichthyocephaloides,1,5.0,5
Ichthyofilaria,0,5.0,6
Ichthyostrongylus,0,2.0,0
Ichthyouris,0,8.0,7
Ichtyobronema,1,0,2
Icosiella,2,7.0,1
Icthyocephalus,0,15.0,16
Idioblaptus,0,1.0,1
Idiodorylaimus,0,7.0,7
Idiuoxyuris,0,2.0,2
Ierestrongylus,0,1.0,0
Iheringascaris,11,0,4
Illium,0,2.0,2
Immanigula,0,1.0,1
Imosmermis,0,1.0,0
Impalaia,0,4.0,0
Imparispiculus,0,1.0,0
Incanema,0,1.0,1
Incurvinema,0,1.0,1
Indiana,0,3.0,7
Indocapillaria,0,1.0,1
Indocephalobus,0,1.0,1
Indoditylenchus,0,1.0,0
Indofilaria,0,1.0,0
Indorhabditis,0,1.0,0
Ingenia,0,1.0,2
Inglamidum,0,2.0,0
Inglechina,0,2.0,0
Ingliseria,1,1.0,1
Inglisonema,0,2.0,0
Inglisubulura,0,7.0,0
Ingwenascaris,0,4.0,2
Innocuonema,1,10.0,13
Insulanema,1,0,0
Intasia,0,7.0,4
Ionema,0,5.0,7
Iotonchium,4,8.0,6
Iotonchulus,1,4.0,5
Iotonchus,5,89.0,50
Ipatjevimermis,0,1.0,2
Iponema,1,12.0,1
Irantylenchus,1,1.0,1
Ironella,0,3.0,4
Ironidae,2,0,0
Ironus,15,24.0,33
Isacanthonchus,0,1.0,1
Ischilinema,0,1.0,1
Ischiodorylaimus,0,13.0,14
Isobinema,1,4.0,4
Isolaimium,4,11.0,13
Isomermis,2,11.0,18
Isospirura,0,1.0,0
Isthmusimermis,0,6.0,7
Itaguaiana,0,2.0,2
Ivaschkinonema,0,1.0,1
Ixonema,1,3.0,3
Jaidenema,0,1.0,1
Japanema,0,1.0,1
Jarryella,0,2.0,2
Javellia,0,1.0,0
Jensenonchus,2,6.0,7
Jibacoa,0,2.0,2
Johnpearsonia,0,0.0,0
Johnstonia,0,7.0,0
Johnstonmawsonia,1,7.0,5
Johnstonmawsonoides,0,1.0,0
Josefilaria,0,1.0,0
Judonchulus,0,3.0,5
Justinema,0,3.0,0
Kahmannia,0,1.0,1
Kalicephalus,5,40.0,6
Kallidorylaimus,0,1.0,1
Kalmanmolnaria,1,1.0,1
Kamegainema,0,1.0,2
Kantbhala,0,5.0,5
Karkinochromadora,0,1.0,2
Kashmira,0,1.0,1
Kathlania,0,5.0,4
Kentropyxia,1,3.0,3
Kenyanema,0,1.0,1
Keralanema,0,1.0,1
Keratonema,0,1.0,1
Khalilia,1,4.0,0
Kiluluma,3,15.0,2
Kinonchulus,0,1.0,1
Kirjanovia,0,1.0,1
Kittidorylaimus,0,1.0,1
Kiwinema,0,1.0,0
Klossiella,0,3.0,3
Klossinemella,0,4.0,1
Klossnema,1,1.0,1
Klugea,0,8.0,12
Kochinema,1,8.0,8
Koerneria,13,8.0,47
Kolodorylaimus,0,1.0,1
Kosswigonema,0,1.0,1
Krampia,0,3.0,3
Kraspedonema,0,1.0,2
Krefftascaris,4,1.0,0
Kreisiella,0,2.0,0
Kreisoncholaimus,0,1.0,1
Kreisonema,0,1.0,1
Krishnasamyos,0,1.0,1
Kuala,0,2.0,0
Kunjudorylaimus,1,2.0,2
Kuntzistrongylus,0,1.0,0
Kurikania,0,2.0,2
Kurilonema,1,0,0
Kurochkinitylenchus,0,1.0,1
Labeonema,1,6.0,2
Labiduris,1,1.0,3
Labiobulura,0,6.0,1
Labiomultiplex,6,0,0
Labiosimplex,15,0,0
Labiostomum,21,8.0,5
Labiostrongylus,4,42.0,0
Labronema,8,54.0,50
Labronemella,4,12.0,15
Labrys,5,8.0,0
Laevides,2,12.0,15
Lagenonema,0,6.0,8
Lagochilascaris,1,5.0,0
Lagostonema,0,1.0,0
Lagostrongylus,1,3.0,0
Laimaphelenchus,31,19.0,13
Laimella,1,7.0,15
Laimydorus,9,91.0,50
Lamanema,1,1.0,0
Lamotheoxyuris,1,0,1
Lamyronema,0,1.0,1
Lanceimermis,0,23.0,36
Lanzavecchia,0,3.0,2
Lappetascaris,9,3.0,3
Lappnema,0,1.0,1
Latocephalus,1,9.0,11
Latronema,5,10.0,12
Lauratonema,6,13.0,14
Lauratonemella,0,1.0,1
Lauratonemoides,0,2.0,3
Lauroia,2,4.0,0
Lauronema,0,1.0,1
Laurophragus,0,1.0,1
Laurostrongylus,0,1.0,0
Laurotravassoxyuris,0,1.0,1
Lawtonema,0,1.0,2
Laxamphidelus,0,6.0,6
Laxonema,0,1.0,1
Laxus,7,9.0,9
Ledovitia,1,10.0,10
Leidynema,4,12.0,14
Leidynemella,2,4.0,5
Leiperenia,0,3.0,1
Leiperiatus,0,1.0,0
Leipernema,0,1.0,0
Leipoanema,0,1.0,0
Leiuris,0,3.0,0
Lelenchus,5,5.0,11
Lemdana,0,12.0,3
Lemuricola,6,9.0,5
Lemurostrongylus,0,1.0,0
Lenisaphelenchus,1,0,0
Lenonchium,2,9.0,7
Lepidonema,2,3.0,4
Leptepsilonema,1,10.0,11
Leptodera,0,1.0,22
Leptojacobus,1,1.0,1
Leptolaimidae,10,0,2
Leptolaimoides,0,9.0,15
Leptolaimus,22,39.0,50
Leptonchus,2,12.0,17
Leptonemella,15,11.0,12
Leptoplectonema,0,1.0,2
Leptosomatidae,1,0,11
Leptosomatides,5,9.0,17
Leptosomatina,0,3.0,4
Leptosomatum,0,29.0,42
Leptosomella,0,2.0,2
Lepusius,0,1.0,1
Lesjan,0,1.0,1
Lesleyella,0,1.0,1
Levipalatum,1,1.0,1
Libyostrongylus,3,6.0,1
Limnomermis,1,28.0,50
Limonchulus,0,4.0,4
Lindseyus,1,0,5
Linhomoeidae,35,0,9
Linhomoella,0,1.0,2
Linhomoeus,8,16.0,45
Linhystera,0,6.0,4
Linolaimus,0,1.0,1
Linseyus,0,4.0,0
Linstowimermis,0,3.0,4
Linstowinema,4,13.0,1
Linustrongylus,0,1.0,0
Lispirurus,0,0.0,0
Lissonema,1,0,1
Listia,0,3.0,3
Litinium,11,20.0,23
Litoditis,12,4.0,4
Litomosa,66,17.0,6
Litomosoides,17,40.0,1
Litonema,0,1.0,1
Litotes,0,1.0,1
Litylenchus,2,2.0,2
Loa,1,4.0,1
Loaina,0,2.0,0
Lobatorobius,0,1.0,1
Lobocapillaria,0,4.0,3
Lobocriconema,153,23.0,31
Lockenloia,0,1.0,1
Loffienema,0,1.0,1
Loncharionema,0,2.0,2
Longibucca,0,3.0,4
Longibulbophora,0,2.0,1
Longicyatholaimus,7,16.0,36
Longidorella,7,30.0,50
Longidoridae,1,0,3
Longidoroides,0,18.0,16
Longidorus,155,183.0,50
Longilaimus,0,2.0,2
Longimermis,0,1.0,0
Longior,5,4.0,5
Longistriata,3,71.0,22
Longistrongylus,0,9.0,1
Longitubopharynx,0,1.0,1
Loofilaimus,1,1.0,1
Lordellonema,2,17.0,15
Loveninema,1,0,2
Loxodontofilaria,11,13.0,0
Lucionema,0,1.0,1
Luella,0,1.0,0
Lugamermis,0,2.0,2
Lukonema,0,1.0,1
Lutznema,0,1.0,0
Luzonema,0,1.0,0
Lyranema,0,1.0,1
Macacanema,0,1.0,0
Macdonaldius,0,4.0,0
Maciela,0,8.0,1
Mackerrastrongylus,1,4.0,1
Macramphida,0,1.0,1
Macrochromadora,0,1.0,0
Macrodontium,0,1.0,1
Macrolaimellus,1,4.0,5
Macrolaimus,6,12.0,16
Macronchus,0,1.0,1
Macropicola,1,33.0,0
Macroponema,4,2.0,0
Macropostrongyloides,7,5.0,0
Macropostrongylus,5,6.0,0
Macropoxyuris,1,2.0,2
Macrostrongylus,0,3.0,1
Macrotobrilus,0,1.0,1
Macrotrophurus,1,1.0,1
Macuahuitloides,1,0.0,1
Madafilaroides,0,1.0,0
Madangiostrongylus,0,1.0,0
Madathamugadia,2,7.0,0
Madelinema,0,1.0,0
Madochotera,0,1.0,0
Mainspinostrongylus,0,1.0,0
Makatinus,3,10.0,16
Malaistrongylus,0,1.0,0
Malakhovia,0,1.0,1
Malaspinanema,1,1.0,1
Malayfilaria,1,0.0,1
Malayocamallanus,0,1.0,0
Malayometastrongylus,0,1.0,0
Maldivea,1,3.0,2
Malekus,0,2.0,2
Malenchus,56,46.0,50
Malvinema,0,4.0,0
Mammalakis,0,3.0,4
Mammanidula,0,3.0,0
Mammomonogamus,7,6.0,0
Manganonema,1,12.0,9
Mansonella,71,29.0,2
Manunema,2,3.0,5
Maplestonema,0,1.0,0
Maracaya,0,5.0,0
Maragnopsia,0,1.0,1
Margaronchuloides,0,1.0,1
Margaronchulus,0,1.0,2
Margolisianum,1,0,1
Margollus,0,4.0,4
Margonema,0,2.0,2
Marilynia,2,0,17
Marimermis,1,1.0,3
Mariostrongylus,0,1.0,0
Mariporrocaecum,0,1.0,1
Marisalbinema,0,1.0,1
Marispelodera,0,1.0,1
Marshallagia,11,23.0,4
Marsupostrongylus,0,11.0,0
Martadamsonius,0,3.0,4
Martininema,2,0.0,4
Marylynnia,4,21.0,24
Maseria,0,1.0,1
Mastigonema,0,1.0,1
Mastigospirura,0,1.0,0
Mastophorus,8,4.0,2
Matthesonema,0,2.0,3
Maupasina,0,2.0,0
Mawsonascaris,8,7.0,8
Mawsonema,0,3.0,1
Mawsonfilaria,0,1.0,0
Maxomystrongylus,0,2.0,0
Maxvachonia,0,6.0,7
Mazamastrongylus,2,0,2
Mazzia,0,2.0,0
Mbaisonema,0,1.0,0
Mbanema,0,1.0,0
Mecistocirrus,2,4.0,1
Medibulla,0,2.0,0
Mediolaimus,0,1.0,1
Megacooperia,0,1.0,0
Megadesmolaimus,2,8.0,7
Megadontolaimus,0,2.0,2
Megalamphis,0,1.0,2
Megalobatrachonema,3,8.0,11
Megalomermis,0,1.0,0
Megamphidelus,0,1.0,1
Megaonchulus,0,1.0,1
Mehdiascaris,0,2.0,2
Mehdiella,0,7.0,7
Mehdilaimus,0,1.0,1
Mehdinema,1,2.0,2
Meiodorus,0,4.0,3
Meloidodera,34,11.0,4
Meloidoderella,0,1.0,0
Meloidoderita,6,5.0,4
Meloidogyne,282,110.0,50
Meloinema,2,5.0,5
Melolonthinimermis,0,5.0,0
Melomystronglylus,0,5.0,0
Meningonema,0,1.0,0
Mentecle,0,3.0,3
Merliniidae,1,0,2
Merlinius,11,36.0,50
Mermis,2,10.0,50
Mermithidae,95,0,48
Mermithonema,0,1.0,3
Mertensinema,0,2.0,0
Mesacanthion,56,49.0,50
Mesacanthoides,3,8.0,10
Mesamidostomum,0,2.0,1
Mesidionema,1,3.0,0
Mesocriconema,234,88.0,50
Mesodorylaimus,21,150.0,50
Mesomermis,5,45.0,50
Mesonema,0,4.0,12
Mesorhabditis,59,19.0,50
Metabronema,2,6.0,9
Metachromadora,37,39.0,50
Metachromadoroides,3,39.0,3
Metacomesoma,0,4.0,4
Metacrobeles,3,3.0,3
Metacrolobus,0,1.0,1
Metactinolaimus,0,2.0,2
Metacyatholaimus,5,9.0,9
Metacylicolaimus,0,3.0,4
Metacyrnea,0,1.0,0
Metadasynemella,1,3.0,6
Metadasynemoides,1,3.0,5
Metadesmodora,0,2.0,3
Metadesmolaimus,7,17.0,20
Metadorylaimus,0,1.0,1
Metaglochinema,0,1.0,2
Metalaimus,0,4.0,2
Metalinhomoeus,10,30.0,40
Metamphidelus,0,3.0,3
Metanisakis,0,5.0,5
Metaparasitylenchus,1,13.0,10
Metaparoncholaimus,0,5.0,5
Metaphanoderma,0,3.0,13
Metaporcelaimus,7,19.0,25
Metaraeolaimoides,0,1.0,1
Metarhabditis,7,15.0,14
Metasabatiera,0,1.0,1
Metascaris,0,1.0,0
Metasphaerolaimus,2,11.0,10
Metastrongylidae,4,0,50
Metastrongylus,9,7.0,7
Metateratocephalus,2,3.0,6
Metathelazia,1,6.0,1
Metaxonchium,4,1.0,15
Metenoploides,1,2.0,2
Metepsilonema,0,17.0,19
Meteterakis,7,34.0,7
Metheligmonella,0,2.0,0
Metoncholaimoides,0,3.0,3
Metoncholaimus,5,30.0,29
Mexiconema,2,2.0,1
Meximermis,0,1.0,0
Meyersia,9,5.0,6
Meylia,0,5.0,5
Meylis,0,3.0,3
Meylonema,0,3.0,1
Micatonchus,0,3.0,3
Micipsella,2,2.0,1
Micoletzkya,33,23.0,31
Micoletzkyia,3,16.0,17
Miconchus,14,1.0,41
Micracanthonchus,0,1.0,1
Microdorylaimus,9,17.0,11
Microfilaria,0,6.0,1
Microhadjelia,0,1.0,1
Microlaimidae,16,0,23
Microlaimus,25,86.0,50
Micromicron,0,1.0,2
Micronematodum,0,1.0,0
Micropleura,1,7.0,1
Microtetrameres,1,28.0,7
Miculenchus,7,7.0,6
Migonella,0,1.0,0
Mikenema,0,7.0,4
Minolaimus,0,2.0,4
Minutostrongylus,0,1.0,0
Miodorylaimus,0,2.0,0
Miranema,0,2.0,1
Mirzaiella,2,9.0,8
Mirzaloptera,0,1.0,0
Missimstrongylus,0,1.0,1
Misticius,0,1.0,0
Mitoaxonchium,0,1.0,15
Mitranema,0,2.0,2
Moaciria,0,5.0,1
Moennigia,0,18.0,1
Moguranema,0,3.0,0
Mohibiella,0,1.0,1
Molgolaimus,4,43.0,47
Molinacuaria,0,3.0,0
Molineus,3,30.0,3
Molinofilaria,0,1.0,0
Molinostrongylus,3,18.0,21
Molossinema,0,1.0,0
Molostrongylus,0,2.0,0
Monanema,1,4.0,0
Monhystera,27,65.0,50
Monhysterida,4,0,3
Monhysteridae,14,0,32
Monhysterides,0,5.0,3
Monhysteroides,0,2.0,2
Monhystrella,2,34.0,47
Monhystrium,1,5.0,5
Monilonema,2,1.0,0
Monodelphoxyuris,0,1.0,1
Monodontus,1,9.0,0
Mononchida,2,0,2
Mononchidae,1,0,3
Mononchoides,15,50.0,50
Mononchulus,0,2.0,2
Mononchus,18,33.0,50
Monopetalonema,0,3.0,0
Monoposthia,9,14.0,33
Monoposthiidae,2,0,5
Monoposthioides,0,2.0,2
Monotrichodorus,3,8.0,8
Monovaria,0,1.0,0
Montistrongylus,0,4.0,2
Montonchus,0,1.0,1
Mooleptus,1,0.0,1
Morasia,0,6.0,3
Moravecia,0,1.0,2
Moravecnema,0,1.0,1
Morgascaridia,0,1.0,0
Morlaixia,0,2.0,2
Morulaimus,2,8.0,12
Moshajia,2,4.0,0
Mudwigglus,1,12.0,6
Muellerius,1,3.0,2
Mukazia,0,1.0,1
Mukhina,0,0.0,1
Multicaecum,1,13.0,0
Multidens,0,1.0,0
Mulveyellus,1,5.0,9
Mumtazium,0,1.0,0
Murielus,3,2.0,0
Murshidia,7,30.0,0
Muspicea,0,2.0,2
Musserakis,0,2.0,1
Myctolaimus,7,0,19
Mydonomus,0,4.0,0
Myenchus,0,2.0,2
Myleusnema,0,2.0,0
Mylodiscoides,0,1.0,0
Mylodiscus,0,1.0,0
Mylonchulus,50,67.0,50
Myolaimus,6,9.0,25
Myoryctes,0,1.0,1
Myrmeconema,0,3.0,2
Nacobbus,75,2.0,5
Nagelus,3,28.0,38
Namaquanema,0,1.0,1
Namibnema,0,1.0,1
Nanidorus,4,3.0,8
Nannolaimoides,0,2.0,3
Nannolaimus,0,3.0,6
Nanomermis,0,3.0,4
Napolitana,0,2.0,2
Narsingiella,0,1.0,0
Nasistrongylus,0,1.0,0
Necator,31,4.0,1
Necolaimus,0,1.0,1
Nemabia,0,1.0,0
Nemanema,3,14.0,14
Nemanoke,0,3.0,0
Nematimermis,1,1.0,1
Nematoda,260,0,5
Nematode,15,0,0
Nematodirella,2,7.0,3
Nematodiroides,1,1.0,1
Nematodirus,12,47.0,21
Nematoideum,0,1.0,1
Nematomystes,2,2.0,0
Nemavermes,0,2.0,1
Nemhelix,1,3.0,0
Neoactinolaimus,1,25.0,37
Neoalloionema,2,4.0,2
Neoascarophis,2,5.0,9
Neobakernema,1,7.0,8
Neocamacolaimus,3,1.0,1
Neochromadora,21,32.0,41
Neocooperia,0,1.0,0
Neocosmocercella,0,5.0,2
Neocylicostrongylus,0,3.0,0
Neodiplogaster,8,11.0,12
Neodiplopeltula,3,14.0,11
Neoditylenchus,1,24.0,4
Neodolichodorus,4,12.0,14
Neodolichorhynchus,5,17.0,24
Neoentomelas,1,1.0,0
Neofoleyellides,4,0,0
Neogoezia,1,0,9
Neoheligmonella,1,15.0,1
Neoheterakis,0,1.0,0
Neohilgertia,0,1.0,1
Neohistiostrongylus,0,1.0,1
Neoichthyostrongylus,0,3.0,0
Neoleptus,0,1.0,1
Neolimnomermis,0,6.0,5
Neolobocriconema,1,13.0,16
Neomermis,0,2.0,4
Neomesomermis,0,5.0,7
Neometadorylaimus,1,1.0,0
Neomisticius,3,1.0,3
Neomurshidia,0,19.0,0
Neoomeia,0,1.0,1
Neoparacamallanus,0,14.0,0
Neoparaseuratum,0,1.0,1
Neoparasitylenchus,0,27.0,15
Neoparathelandros,0,0.0,0
Neophilometroides,0,0.0,2
Neoprotozoophaga,0,2.0,0
Neopsilenchus,7,10.0,14
Neorhabditis,0,1.0,2
Neorhabditostomum,1,1.0,0
Neosomatiana,0,1.0,1
Neospinitectus,0,1.0,0
Neospirocerca,0,1.0,0
Neosteinernema,0,1.0,0
Neostrongyloides,0,2.0,0
Neostrongylus,1,2.0,1
Neosynodontisia,0,1.0,1
Neoterranova,1,0,4
Neothada,3,7.0,7
Neotobrilinae,1,0,0
Neotobrilus,5,17.0,22
Neotonchus,0,6.0,16
Neotylenchidae,1,0,19
Neotylenchus,1,0,8
Neotylocephalus,0,3.0,6
Neoxysomatium,0,7.0,2
Nesomystrongylus,0,1.0,0
Neurella,0,1.0,1
Nevadanema,2,0,1
Neyrapharyngodon,0,1.0,0
Nicascolaimus,0,1.0,1
Nicollina,1,9.0,0
Nigronchus,0,1.0,1
Nijhoffia,0,1.0,1
Nilonema,1,2.0,2
Nimigula,0,1.0,1
Nippostrongylus,4,8.0,2
Nochtia,0,5.0,0
Noctuidonema,1,2.0,1
Noffsingeria,0,2.0,2
Nordiidae,1,0,4
Noteodiplogaster,0,1.0,0
Nothacrobeles,7,15.0,22
Nothanguina,0,1.0,0
Nothocriconemoides,7,2.0,5
Nothotylenchoides,0,1.0,0
Nothotylenchus,9,55.0,37
Notochatosoma,0,1.0,0
Notonectomermis,0,1.0,1
Notosabatieria,0,1.0,1
Nouvelnema,0,1.0,1
Novadelonema,0,0.0,0
Nudora,3,15.0,16
Nugininema,0,1.0,1
Nullonchus,0,4.0,4
Nunema,0,1.0,1
Nycteridostrongylus,0,2.0,0
Nygellus,0,5.0,5
Nygmatonchus,0,1.0,8
Nygolaimellus,0,6.0,4
Nygolaimidae,2,0,6
Nygolaimium,0,3.0,1
Nygolaimoides,0,9.0,7
Nygolaimus,8,38.0,50
Obainia,2,7.0,7
Obeliscoides,0,4.0,1
Oceanicucullanus,0,3.0,3
Ochetocephalus,0,1.0,0
Ochoterenella,8,16.0,0
Octomermis,0,2.0,9
Octomyomermis,1,13.0,18
Octonchus,0,2.0,1
Odilia,2,35.0,19
Odonatomermis,0,3.0,7
Odontanticoma,0,1.0,2
Odontobius,0,1.0,5
Odontogeton,0,5.0,1
Odontolaimus,4,4.0,4
Odontopharynx,1,2.0,3
Odontophora,17,38.0,50
Odontophoroides,2,3.0,2
Odontorhabditis,0,3.0,1
Odontospirura,0,1.0,0
Odontoterakis,0,6.0,0
Oesophagodontus,1,1.0,1
Oesophagomermis,0,4.0,21
Oesophagostomoides,3,37.0,0
Oesophagostomum,56,47.0,16
Ogma,29,94.0,50
Ohbayashinema,1,5.0,0
Ohridiidae,1,0,6
Oigolaimella,12,7.0,12
Oionchus,0,2.0,8
Okapinema,1,1.0,0
Okapistrongylus,0,1.0,0
Okinawandros,0,1.0,1
Okranema,0,2.0,2
Oligaphelenchoides,0,5.0,2
Oligodiplogaster,0,1.0,0
Oligonchulus,0,1.0,1
Oligoplectus,0,1.0,1
Ollulanus,1,2.0,1
Omeia,0,3.0,0
Omicronema,3,6.0,9
Onchiolistia,0,3.0,3
Onchiomermis,0,1.0,2
Onchium,4,10.0,10
Onchocerca,65,37.0,10
Onchocercella,0,1.0,0
Onchocercidae,53,0,50
Oncholaimellinae,1,0,6
Oncholaimelloides,0,1.0,1
Oncholaimellus,11,20.0,21
Oncholaimidae,46,0,12
Oncholaimoides,0,3.0,3
Oncholaimus,67,129.0,50
Onchulus,0,9.0,11
Oncophora,0,3.0,7
Onepunema,1,4.0,2
Oniscicula,0,1.0,0
Onychonema,0,3.0,7
Onyx,7,13.0,25
Oonaguntus,0,2.0,0
Oostenbrinkella,0,3.0,3
Oostenbrinkia,1,2.0,0
Operculorhabditis,0,1.0,1
Ophidascaris,8,38.0,6
Opisthodorylaimus,4,11.0,1
Orientatractis,1,14.0,12
Orientostrongylus,1,6.0,0
Orientylus,0,7.0,0
Oriverutoides,0,1.0,0
Oriverutus,0,8.0,5
Orloffia,4,0,0
Orneoascaris,1,0,0
Ornithocapillaria,0,7.0,0
Ornithonema,0,1.0,0
Ornithostrongylidae,1,0,0
Ornithostrongylus,1,10.0,3
Orphreyus,0,3.0,5
Orrina,0,1.0,0
Orthomermis,0,1.0,1
Orthophallonema,0,1.0,1
Orthostrongylus,1,1.0,0
Orthothominx,0,1.0,0
Ortleppascaris,2,5.0,1
Ortleppnema,0,1.0,1
Ortleppstrongylus,0,1.0,0
Oryctonema,0,23.0,2
Oscheius,138,58.0,50
Oslerus,2,2.0,2
Osstella,0,1.0,1
Ostertagia,85,53.0,29
Oswaldocruzia,13,93.0,31
Oswaldofilaria,2,11.0,2
Oswaldonema,0,3.0,0
Oswaldostrongylus,0,2.0,0
Otostrongylus,2,2.0,2
Ottolenchus,2,29.0,34
Ovomermis,2,5.0,8
Oxyascaris,0,5.0,1
Oxybelondira,0,4.0,0
Oxydiroides,0,4.0,0
Oxydirus,3,15.0,15
Oxynema,0,8.0,4
Oxyonchus,4,21.0,24
Oxysomatium,1,15.0,20
Oxyspirura,5,50.0,5
Oxystomina,41,37.0,50
Oxystominidae,15,0,9
Oxystomininae,1,0,9
Oxyuricassis,0,2.0,3
Oxyurida,5,0,0
Oxyuridae,1,0,6
Oxyuris,1,15.0,50
Oxyuronema,0,1.0,1
Ozolaimus,2,6.0,6
Pachydorylaimus,0,7.0,2
Pakira,2,1.0,1
Palaeoallantonema,0,11.0,6
Palaeoanguina,0,1.0,1
Palaeoaphelenchoides,0,1.0,1
Palaeoarachnus,0,1.0,1
Palaeocosmocerca,0,2.0,1
Palaeodiplogaster,0,1.0,1
Palaeoenoploides,0,1.0,1
Palaeonema,0,1.0,0
Palaeoparasitylenchus,0,1.0,1
Palaeorhabditis,0,1.0,1
Palaeotetradonema,0,4.0,2
Paleoiotonchium,0,1.0,1
Paleothelastoma,0,1.0,1
Panagrellus,16,16.0,15
Panagrobelium,0,1.0,0
Panagrobelus,10,6.0,8
Panagrodontus,0,3.0,7
Panagrolaimidae,4,0,26
Panagrolaimoidea,7,0,4
Panagrolaimoides,0,1.0,2
Panagrolaimomorpha,1,0,2
Panagrolaimus,160,23.0,50
Panagrolobus,2,1.0,1
Panagromacra,0,1.0,2
Panagroteratus,0,3.0,3
Pancreatonema,0,1.0,3
Pandolaimus,2,5.0,7
Panduripharynx,0,3.0,4
Papillabrum,0,1.0,1
Papillonema,0,2.0,2
Papillosetaria,0,3.0,0
Papillostrongylus,2,2.0,0
Papuadorus,0,3.0,0
Papuaphelenchus,0,1.0,0
Parabronema,2,9.0,1
Paracamallanus,3,10.0,3
Paracameronia,0,1.0,1
Paracanthocheilonema,0,0.0,0
Paracanthonchus,28,80.0,50
Paracapillaria,3,21.0,5
Paracapillaroides,0,0.0,2
Paracephalobus,0,2.0,2
Parachromadorita,0,1.0,1
Paracomesoma,23,14.0,21
Paracooperia,1,9.0,0
Paracooperioides,0,1.0,0
Paracrassibucca,0,1.0,2
Paracrenosoma,0,4.0,3
Paracrobeles,1,7.0,5
Paractinolaimus,11,30.0,34
Paracuaria,2,4.0,6
Paracyatholaimoides,1,3.0,4
Paracyatholaimus,4,32.0,39
Paracylicolaimus,0,1.0,1
Paracyrnea,0,1.0,0
Paradeletrocephalus,0,1.0,0
Paradesmodora,12,7.0,7
Paradichromadora,0,1.0,1
Paradolichodera,1,0,1
Paradollfusnema,0,1.0,0
Paradorylaimus,0,20.0,12
Paradoxolaimus,0,1.0,1
Paradoxorhabditis,0,1.0,1
Paradoxostrongylus,0,0.0,0
Paradraconema,3,8.0,12
Paradujardinia,0,1.0,1
Paraegialoalaimus,0,1.0,1
Paraethmolaimus,1,8.0,3
Parafilaria,1,5.0,4
Parafilaroides,10,11.0,9
Paragnomoxyala,2,4.0,3
Paragonionchus,0,1.0,1
Paragraphidium,0,1.0,0
Parahadronchus,3,10.0,11
Paraheligmonella,1,1.0,3
Paraheligmonelloides,0,8.0,7
Paraheligmonina,0,20.0,1
Paraheterotyphlum,0,2.0,2
Parahistiostrongylus,0,1.0,1
Parahystrignathus,1,0,1
Paraichthyocephalus,0,1.0,1
Paraicosiella,0,1.0,1
Paraiotonchium,0,6.0,2
Parakongonema,1,0,1
Paralabiostrongylus,0,5.0,2
Paralaeuris,0,2.0,2
Paraleiuris,0,1.0,0
Paraleptonchus,0,1.0,0
Paraleptonema,0,1.0,1
Paraleptosomatoides,0,2.0,0
Paraleptus,1,6.0,7
Paralibyostrongylus,5,5.0,0
Paralinhomoeus,8,41.0,47
Parallelocoilas,0,1.0,1
Paralongicyatholaimus,2,5.0,5
Paralongidorus,18,34.0,34
Paramacropostrongylus,2,3.0,0
Paramadochotera,0,1.0,0
Paramarylynnia,0,1.0,3
Paramerlinius,5,0,12
Paramermis,0,8.0,41
Paramesacanthion,12,17.0,24
Paramesonchium,0,3.0,4
Paramicrolaimus,1,9.0,10
Paramidostomum,0,1.0,0
Paramonohystera,4,21.0,34
Paramononchus,0,6.0,11
Paramphidelus,2,23.0,29
Paramphimonhystrella,0,15.0,9
Paramylonchulus,0,15.0,20
Paranisakiopsis,0,4.0,4
Paranisakis,0,16.0,17
Paranticoma,0,10.0,12
Paranygolaimus,0,2.0,1
Paraochoterenella,0,1.0,0
Paraorientatractis,0,1.0,1
Paraoxybelondira,0,1.0,0
Paraoxydirus,0,6.0,4
Paraoxyuronema,0,2.0,2
Parapalus,0,1.0,1
Paraphanoderma,0,1.0,1
Paraphanolaimus,1,13.0,19
Parapharyngodon,11,81.0,50
Parapharyngostrongylus,1,1.0,0
Paraphelenchus,7,24.0,27
Paraphilometroides,0,1.0,1
Paraphysaloptera,0,2.0,0
Parapinnanema,0,1.0,12
Paraplectonema,3,7.0,7
Paraplesiohedruris,0,2.0,1
Parapoteriostomum,7,7.0,2
Parapristionchus,1,0,1
Paraprocta,0,1.0,0
Paraproctonema,0,1.0,1
Paraqudsiella,0,1.0,0
Paraquimperia,2,6.0,2
Pararaeolaimus,0,5.0,5
Pararhabditis,0,1.0,1
Pararhabdonema,0,7.0,0
Pararhyssocolpus,1,0,1
Pararotylenchus,1,0,2
Pararugopharynx,1,1.0,0
Parasabanema,0,4.0,2
Parasaurositus,0,1.0,0
Parasaveljevia,0,8.0,5
Parascaris,6,3.0,1
Parascarophis,0,4.0,2
Parascolaimus,0,5.0,5
Paraseinura,0,1.0,1
Paraseuratoides,0,1.0,1
Paraseuratum,1,2.0,3
Parasitaphelenchus,4,20.0,17
Parasitodiplogaster,30,20.0,17
Parasitorhabditis,6,43.0,50
Parasitylenchoides,0,8.0,8
Parasitylenchus,10,12.0,19
Parasomatium,0,1.0,0
Parasphaerolaimus,8,17.0,19
Paraspiculuris,0,4.0,4
Paraspidodera,2,8.0,0
Paraspiralatus,0,1.0,0
Paraspirura,1,2.0,0
Parastomachoglossa,0,3.0,3
Parastomonema,0,2.0,2
Parastrongyloides,3,18.0,7
Parasubulura,0,3.0,0
Parasynodontisia,0,1.0,1
Paraterschellingia,0,4.0,3
Parathalassoalaimus,0,1.0,1
Parathelandros,0,12.0,13
Paratimminema,0,2.0,0
Paratractis,0,1.0,1
Paratrichodorus,37,30.0,39
Paratrichosoma,55,2.0,0
Paratricoma,4,4.0,5
Paratrilobus,0,7.0,9
Paratripyla,2,0,3
Paratripyloides,0,3.0,3
Paratrophurus,8,14.0,27
Paratuerkiana,0,1.0,1
Paratylencholaimus,0,1.0,0
Paratylenchus,162,179.0,50
Paraustrostrongylus,1,6.0,0
Paraustroxyuris,0,1.0,1
Paravulvus,6,18.0,8
Paraxiphidorus,0,3.0,0
Paraxonchium,9,15.0,6
Parazoniolaimus,1,1.0,0
Paregletylenchus,0,1.0,1
Parelaphostrongylus,3,3.0,0
Parelzalia,0,1.0,1
Parenoplus,0,6.0,2
Pareudesmoscolex,2,3.0,5
Pareurystomina,4,20.0,20
Parironus,0,4.0,7
Parkellus,7,10.0,10
Paroctonchus,0,1.0,1
Parodontophora,22,32.0,31
Paroigolaimella,3,12.0,18
Paronchocerca,0,12.0,3
Paroriverutus,0,5.0,0
Parostertagia,0,1.0,0
Paroxystomina,0,2.0,2
Parvinema,0,4.0,2
Passalidophila,0,1.0,1
Passalurus,2,2.0,4
Passeristrongylus,0,1.0,0
Patagonema,0,1.0,1
Patagoniella,0,1.0,0
Patricialina,1,6.0,0
Paulianfilaria,0,1.0,0
Paurodontella,11,18.0,6
Paurodontoides,1,2.0,0
Paurodontus,0,10.0,0
Pauronemoides,2,0,0
Pearsonema,6,4.0,6
Pectinospirura,1,3.0,4
Pelagonemella,0,1.0,1
Pelaogonema,0,13.0,16
Pelecanema,1,0,0
Pelecitus,8,34.0,20
Pelicanascaris,0,1.0,0
Pellioditis,19,19.0,43
Pelodera,12,16.0,50
Peltamigratus,0,23.0,3
Penjatinema,1,1.0,2
Pennisia,0,1.0,1
Pentadentoptera,0,5.0,1
Pentatomimermis,0,1.0,1
Peplorhabditis,0,1.0,1
Peramelistrongylus,1,1.0,1
Peraphelenchus,1,3.0,2
Perepsilonema,1,9.0,14
Pericyema,0,1.0,0
Perioplectus,0,2.0,2
Perodira,1,3.0,2
Perostrongylus,1,0,0
Perspiria,0,1.0,13
Perutilimermis,0,1.0,1
Peterngus,0,1.0,0
Petrovifilaria,0,1.0,0
Petrovinema,2,2.0,3
Phacochoerostrongylus,0,2.0,0
Phaenoncholaimus,0,1.0,1
Phalacronema,1,1.0,1
Phallaxonchium,0,5.0,1
Phanoderma,9,36.0,42
Phanodermatidae,13,0,2
Phanodermella,1,2.0,3
Phanodermopsis,21,18.0,16
Pharurus,2,10.0,8
Pharyngodon,0,45.0,47
Pharyngodonidae,3,0,4
Pharyngonema,0,1.0,2
Pharyngostrongylus,12,18.0,2
Phascolostrongylus,1,33.0,0
Phasmarhabditis,35,25.0,22
Phellonema,0,1.0,3
Pheromermis,2,10.0,18
Pheronous,0,3.0,2
Philometra,63,192.0,50
Philometroides,18,39.0,45
Philonema,5,4.0,9
Phlyctainophora,0,2.0,2
Phocanema,2,2.0,6
Phocascaris,3,4.0,5
Phreatomermis,0,1.0,2
Phyllolaimus,0,2.0,2
Phylloncholaimus,0,2.0,0
Physaloptera,42,144.0,18
Physalopteridae,2,0,18
Physalopterinae,1,0,1
Physalopteroides,1,20.0,1
Physocephalus,3,9.0,1
Pierantonia,0,1.0,0
Pierrickia,4,4.0,3
Pingus,1,25.0,0
Piratuba,1,6.0,0
Piratuboides,0,3.0,0
Piscicapillaria,0,9.0,3
Pithecostrongylus,0,4.0,0
Placentonema,0,1.0,2
Placoconus,0,22.0,0
Placodira,1,2.0,2
Platocamallanus,0,2.0,0
Platonova,2,4.0,2
Platycoma,2,6.0,5
Platycomopsis,1,5.0,15
Plectidae,7,0,4
Plectolaimus,0,2.0,3
Plectonchus,4,2.0,14
Plectus,210,4.0,50
Plesioungella,0,1.0,0
Pleurotylenchus,0,2.0,2
Plutellonema,0,1.0,0
Pneumocaulus,0,1.0,0
Pneumonema,3,1.0,0
Pneumospirura,0,1.0,0
Pneumostrongylus,0,3.0,0
Podocnematractis,0,2.0,1
Poekilostrongylus,0,2.0,0
Pogonomystrongylus,0,3.0,1
Poikilolaimus,23,6.0,19
Polenchus,0,4.0,3
Polkepsilonema,0,3.0,4
Polydelphis,0,9.0,0
Polydelphyoptera,0,1.0,0
Polygastrophoides,0,1.0,1
Polygastrophora,5,17.0,16
Polyonchulus,0,2.0,3
Polysigma,1,2.0,2
Pomponema,7,32.0,40
Pongobius,1,0,0
Pontonema,7,35.0,45
Popovastrongylus,4,7.0,0
Porocoma,0,1.0,1
Poronemella,0,6.0,2
Porrocaecum,13,55.0,44
Porternema,0,1.0,0
Portmacquaria,0,1.0,1
Postamphidelus,0,1.0,1
Posthalocercus,0,2.0,0
Potensaphelenchus,1,0,1
Poteriostomum,2,3.0,2
Potorostrongylus,2,5.0,0
Potoroxyuris,0,3.0,2
Practinocephalus,0,1.0,3
Praeacanthonchus,9,6.0,11
Praecocilenchus,0,2.0,0
Praeputirhabditis,0,1.0,1
Pratinema,0,1.0,1
Pratylenchoides,25,31.0,36
Pratylenchus,189,132.0,50
Prescafilotermes,0,2.0,2
Prestwoodia,1,1.0,0
Primasubulura,1,10.0,0
Prionchulellus,0,1.0,1
Prionchuloides,0,1.0,1
Prionchulus,17,31.0,43
Prismatolaimidae,2,0,1
Prismatolaimus,84,37.0,35
Pristionchus,138,79.0,50
Pristionema,0,1.0,1
Probstmayria,2,10.0,3
Procamacolaimus,5,7.0,11
Procamallanus,20,211.0,25
Procephalobus,1,1.0,4
Prochaetosoma,7,13.0,23
Prochromadora,1,10.0,14
Prochromadorella,6,33.0,50
Procyonostrongylus,0,1.0,0
Procyrnea,1,46.0,2
Prodesmodora,3,10.0,12
Prodomorganus,0,1.0,1
Prodontorhabditis,3,41.0,8
Prodorylaimium,0,4.0,5
Prodorylaimus,9,48.0,50
Profilarinema,0,5.0,0
Progreeffiella,0,2.0,2
Proheterorhabditis,0,1.0,1
Proleptonchoides,0,3.0,1
Proleptonchus,2,28.0,15
Proleptus,10,10.0,23
Prolinhomoeus,0,1.0,1
Promiconchus,0,3.0,4
Promonhystera,2,2.0,6
Promumtazium,0,2.0,0
Proncholaimus,0,13.0,14
Prooncholaimus,5,0,14
Propanagrolaimus,5,0,2
Proparasitylenchus,1,8.0,8
Propharyngodon,0,2.0,2
Proplatycoma,2,1.0,5
Prorhynchonema,3,2.0,2
Prosphaerolaimus,0,2.0,2
Prospinitectus,0,2.0,2
Prosungulonema,0,4.0,2
Protenema,0,1.0,0
Prothallonema,3,25.0,0
Prothornenema,0,1.0,0
Protocylindrocorpus,0,0.0,3
Protodorylaimus,0,2.0,1
Protofilaria,0,1.0,0
Protorhabditis,7,18.0,28
Protospirura,11,19.0,0
Protostrongylidae,1,0,0
Protostrongylus,13,37.0,9
Prototricoma,0,3.0,4
Protozoophaga,1,1.0,1
Protrellatus,0,5.0,5
Protrelleta,1,4.0,4
Protrelloides,0,2.0,2
Protrellus,2,16.0,16
Protricoma,0,4.0,5
Protricomoides,0,2.0,1
Protylenchus,0,2.0,2
Proyseria,1,5.0,2
Psammomermis,0,12.0,24
Psammonema,0,5.0,3
Pselionema,4,13.0,21
Pseudabbreviata,0,4.0,0
Pseudacrobeles,17,16.0,3
Pseudalius,1,3.0,11
Pseudamidostomum,0,4.0,1
Pseudanisakis,2,3.0,8
Pseudaphelenchus,10,0.0,6
Pseudaplectana,0,1.0,0
Pseudaprocta,0,8.0,2
Pseudaraeolaimus,0,8.0,5
Pseudascarophis,0,4.0,4
Pseudaspiculuris,0,1.0,1
Pseudaspidodera,0,2.0,0
Pseudechinotheristus,0,1.0,1
Pseudelzalia,0,1.0,1
Pseudhalenchus,1,6.0,7
Pseudlemdana,0,1.0,1
Pseudoaulolaimus,0,1.0,1
Pseudoaviculariella,0,1.0,0
Pseudocapillaria,3,27.0,15
Pseudocella,7,26.0,31
Pseudocheironchus,1,1.0,1
Pseudochromadora,10,14.0,15
Pseudocruzia,0,1.0,0
Pseudocyrtosomum,0,1.0,1
Pseudodelphis,0,4.0,7
Pseudodesmicola,0,1.0,1
Pseudodesmodora,0,3.0,4
Pseudodilaimus,0,1.0,1
Pseudodiomedenema,0,1.0,0
Pseudodiplogasterid,1,0,0
Pseudodiplogasteroides,4,2.0,3
Pseudofilaria,0,2.0,0
Pseudohaplonema,0,1.0,0
Pseudoheligmosomum,0,1.0,0
Pseudolella,5,16.0,17
Pseudolitomosa,0,1.0,0
Pseudomazzia,0,1.0,1
Pseudomermis,0,7.0,13
Pseudometachromadora,0,2.0,2
Pseudomicrolaimus,1,0,4
Pseudoncholaimus,1,9.0,13
Pseudonchulus,0,1.0,1
Pseudonchus,1,11.0,13
Pseudonymus,2,12.0,13
Pseudopelagonema,0,2.0,3
Pseudophysaloptera,0,8.0,2
Pseudoplatycoma,0,3.0,1
Pseudoproleptus,0,11.0,16
Pseudorictularia,0,1.0,1
Pseudosteineria,3,13.0,16
Pseudostertagia,0,7.0,0
Pseudostrongyloides,0,1.0,0
Pseudostrongyluris,0,1.0,0
Pseudoterranova,28,7.0,7
Pseudoterschellingia,0,1.0,1
Pseudothamugadia,0,1.0,0
Pseudotriceratoma,0,1.0,0
Pseudoxyascaris,0,1.0,0
Pseudoxyo,1,0,0
Psilenchus,14,21.0,31
Psocidonema,0,1.0,1
Psychodorhabditis,0,6.0,3
Psyllomermis,0,2.0,0
Psyllotylenchus,1,16.0,21
Pternepsilonema,0,1.0,1
Pteronemella,0,1.0,1
Pteronium,0,1.0,1
Pterothominx,0,22.0,6
Pterotylenchus,2,1.0,0
Pterygodermatites,9,38.0,7
Pterygonema,0,5.0,8
Pterygorhabditis,0,6.0,6
Ptychaphelenchus,1,1.0,0
Ptycholaimellus,30,26.0,23
Pudica,0,19.0,4
Pulchranemella,0,1.0,1
Pulchrascaris,2,3.0,5
Pulchrocephala,0,2.0,2
Pulicimermis,0,1.0,0
Pulmostrongylus,0,3.0,0
Punchaulus,0,1.0,0
Punctodera,6,3.0,6
Punctodora,2,5.0,6
Punctolepis,0,1.0,0
Pungentus,12,22.0,32
Pygarginema,0,2.0,0
Pygecantha,0,1.0,1
Quadricoma,0,32.0,43
Quadricomoides,0,5.0,7
Quadrimermis,0,3.0,5
Quadriplotriaena,0,2.0,0
Quasiamidostomum,0,5.0,0
Quasibrilus,0,3.0,2
Quasithelazia,0,19.0,8
Qudsianema,0,1.0,1
Qudsianematidae,1,0,11
Qudsiella,0,1.0,0
Quentinstrongylus,0,1.0,0
Quilonia,3,17.0,0
Quimperia,1,1.0,1
Quinisulcius,4,17.0,24
R.W.,0,0.0,0
Rabbium,0,1.0,0
Radopholinae,1,0,0
Radopholoides,1,4.0,7
Radopholus,8,25.0,50
Rafiqius,0,2.0,2
Ragenema,0,1.0,0
Rahmium,0,1.0,0
Raillietascaris,0,3.0,1
Raillietnema,15,18.0,5
Ransomnema,1,10.0,12
Ransomus,1,2.0,0
Raonema,0,3.0,3
Raphidascarididae,3,0,9
Raphidascaris,163,48.0,24
Raphidascaroides,3,15.0,20
Rasheedia,0,0.0,5
Rattustrongylus,0,2.0,0
Rauschia,0,8.0,0
Rauschivingylus,0,2.0,0
Rauschoxyuris,0,1.0,1
Rauschtineria,1,2.0,2
Reesimermis,0,2.0,8
Reiterina,1,1.0,6
Retrotheristus,1,1.0,1
Rhabdias,80,82.0,50
Rhabditella,5,10.0,20
Rhabditida,110,0,7
Rhabditidae,21,0,13
Rhabditidoides,8,8.0,10
Rhabditinae,3,0,50
Rhabditis,71,27.0,50
Rhabditoid,1,0,0
Rhabditoides,3,9.0,17
Rhabditolaimus,17,22.0,37
Rhabditonema,0,1.0,2
Rhabditophanes,9,3.0,7
Rhabditostomum,0,48.0,0
Rhabdochona,21,169.0,50
Rhabdochonidae,1,0,21
Rhabdocoma,4,4.0,10
Rhabdodemania,8,17.0,29
Rhabdolaimidae,1,0,2
Rhabdolaimus,5,1.0,19
Rhabdotoderma,0,1.0,1
Rhabpanus,0,3.0,3
Rhadinema,0,3.0,2
Rhaptothyreius,0,2.0,2
Rhaptothyreus,1,0,2
Rhigonema,12,56.0,50
Rhigonematoidea,1,0,3
Rhinema,0,2.0,3
Rhinocerotonema,0,1.0,0
Rhinoclemmysnema,0,1.0,1
Rhips,2,9.0,9
Rhitilla,0,1.0,0
Rhitis,0,7.0,8
Rhizonemella,6,0.0,0
Rhodolaimus,0,13.0,18
Rhodonema,0,2.0,2
Rhomborhabditis,1,1.0,2
Rhynchomermis,0,1.0,3
Rhynchonema,4,34.0,39
Rhyssocolpus,2,2.0,10
Richtersia,12,20.0,27
Rictularia,1,59.0,15
Rictularina,0,1.0,0
Rictularioides,0,1.0,0
Ridgellus,0,1.0,1
Rinadia,1,0,0
Riouxgolvania,3,3.0,3
Ritenbenkia,0,1.0,1
Robbea,13,9.0,10
Robertdollfusa,0,2.0,3
Robleus,0,1.0,0
Robustnema,0,1.0,1
Robustodorus,5,7.0,4
Rodentanema,0,1.0,1
Rodentocaulus,0,1.0,1
Rodentogamus,0,1.0,0
Rogerus,0,2.0,3
Romanomermis,6,17.0,20
Rondonema,0,3.0,6
Rondonia,1,4.0,2
Roqueus,0,3.0,2
Rostellascaris,3,0,1
Rostrulium,0,3.0,2
Rotundocollarette,1,0,1
Rotylenchoides,0,10.0,0
Rotylenchulus,21,14.0,6
Rotylenchus,50,111.0,50
Roveaphelenchus,0,1.0,0
Royandersonia,0,1.0,1
Rubzovinema,2,3.0,1
Ruehmaphelenchus,14,14.0,7
Rugonema,1,3.0,0
Rugopharynx,20,22.0,0
Rugostrongylus,1,1.0,0
Ruizia,1,2.0,2
Rumai,1,1.0,1
Rumenfilaria,1,1.0,0
Rusguniella,0,4.0,5
Sabanema,0,5.0,0
Sabatieria,135,106.0,50
Sachsia,2,3.0,5
Sachsium,0,1.0,1
Sacrimarinema,0,3.0,3
Sadkonavis,0,1.0,1
Saevadorella,1,0,7
Safianema,0,6.0,6
Sakia,6,16.0,11
Salesia,0,2.0,2
Salimella,0,1.0,0
Salmonema,4,0,1
Salvelinema,0,2.0,2
Sandnema,0,0.0,0
Sanduanensis,0,2.0,1
Saprorhabditis,0,1.0,1
Sarconema,1,5.0,8
Sarisodera,0,1.0,1
Sarsonia,0,2.0,2
Sauertylenchus,1,5.0,5
Sauricola,0,1.0,1
Saurositus,0,3.0,0
Saveljevia,0,6.0,7
Scalpelus,0,1.0,0
Scalpenchus,0,1.0,0
Scapidens,0,1.0,0
Scaptrella,0,5.0,4
Scarabinema,0,1.0,1
Scatonema,0,1.0,1
Schikhobalovia,0,1.0,0
Schistonchus,42,11.0,28
Schistorophus,1,7.0,6
Schmassmannimermis,0,1.0,1
Schneidernema,0,2.0,0
Scholpaniella,0,1.0,1
Schrankiana,0,9.0,2
Schulmanela,0,1.0,1
Schulzia,0,6.0,0
Schulzinema,0,1.0,0
Schuurmanimermis,0,2.0,4
Schwenckiana,0,1.0,0
Sciadiocara,1,8.0,4
Scirtimermis,0,1.0,0
Sciuricola,0,2.0,0
Sciurodendrium,0,7.0,0
Scleralaimus,0,1.0,1
Scleramphidelus,0,1.0,1
Scleroactinolaimus,0,1.0,1
Sclerolabia,0,6.0,0
Sclerolaimus,0,1.0,1
Sclerorhabditis,1,1.0,4
Sclerostylus,0,2.0,0
Sclerotrichum,0,1.0,0
Scolecophilus,0,4.0,0
Scolytonema,0,3.0,3
Scorpiophagus,0,4.0,0
Scottnema,65,1.0,1
Scutellonema,18,58.0,38
Scutylenchus,17,21.0,40
Sectonema,12,40.0,15
Seinura,15,56.0,27
Selachinema,0,1.0,3
Selachinematidae,7,0,21
Seleborca,1,0,13
Semitobrilus,5,4.0,6
Senegalonema,0,1.0,0
Serofilaria,0,1.0,0
Serpentirhabdias,12,18.0,9
Serpinema,6,7.0,14
Serradacnitis,0,1.0,2
Serratospiculoides,1,1.0,1
Serratospiculum,3,7.0,4
Setaria,7,46.0,4
Setariidae,1,0,0
Setonema,0,1.0,1
Setoplectus,1,4.0,4
Setosabatieria,7,13.0,13
Setostephanolaimus,2,7.0,9
Seuratascaris,3,1.0,3
Seuratia,1,3.0,1
Seuratiella,0,1.0,5
Seuratum,0,8.0,5
Seurechina,0,3.0,0
Severianoia,3,9.0,18
Sexansocara,0,1.0,1
Sexansodera,0,1.0,0
Shahnema,0,4.0,5
Shattuckius,0,1.0,0
Sheraphelenchus,5,6.0,3
Shunyanema,0,1.0,0
Sibayinema,0,1.0,1
Sicaguttur,0,15.0,3
Siconema,4,24.0,10
Siconemoides,0,1.0,1
Sicorinema,0,7.0,0
Siddiqia,0,28.0,5
Sigmolenchus,1,0,1
Sigmophoranema,1,4.0,5
Silenchus,0,1.0,1
Silvallis,0,1.0,0
Similascarophis,0,2.0,4
Simondsia,0,2.0,2
Simpliconema,0,3.0,1
Simulimermis,0,1.0,3
Sinanema,0,3.0,4
Singhiella,0,1.0,1
Sinoichthyonema,1,1.0,2
Sinospinata,1,0,0
Siphonolaimidae,2,0,3
Siphonolaimus,6,54.0,31
Sitadevinema,0,1.0,1
Skarbilovinema,2,2.0,2
Skibbinema,0,1.0,0
Skladnikia,0,1.0,0
Skrjabillaninae,1,0,4
Skrjabillanus,2,4.0,7
Skrjabinalius,1,3.0,2
Skrjabinelazia,0,7.0,11
Skrjabinema,7,11.0,4
Skrjabingylus,5,7.0,2
Skrjabinisakis,4,0,4
Skrjabinitectus,0,1.0,0
Skrjabinocaulus,0,1.0,0
Skrjabinocerca,0,5.0,4
Skrjabinocercella,0,2.0,0
Skrjabinoclava,0,33.0,33
Skrjabinodentus,1,0,0
Skrjabinodera,0,3.0,0
Skrjabinodon,2,37.0,29
Skrjabinofilaria,0,3.0,0
Skrjabinomermis,0,4.0,5
Skrjabinoptera,1,8.0,0
Skrjabinura,0,3.0,0
Skryabineandros,0,1.0,0
Smithsoninema,0,1.0,1
Soaresnema,0,1.0,1
Sobolevingylus,0,3.0,2
Soboliphyme,3,10.0,8
Solafilaria,0,5.0,0
Solenolaimus,0,1.0,1
Solididens,3,8.0,3
Southerniella,4,15.0,15
Spalacina,0,3.0,1
Spartonema,0,2.0,2
Spauligodon,50,44.0,44
Spectatus,1,2.0,1
Sphaeroamphis,0,1.0,1
Sphaerocephalum,0,3.0,4
Sphaerolaimidae,3,0,4
Sphaerolaimus,28,46.0,50
Sphaeronema,2,7.0,9
Sphaeronematidae,1,0,0
Sphaerotheristus,7,5.0,9
Sphaerularia,7,1.0,1
Sphaerulariidae,2,0,9
Sphaerularioidea,3,0,10
Spiculimermis,0,12.0,38
Spiculocaulus,1,4.0,1
Spiculopteragia,5,24.0,18
Spiliphera,1,9.0,50
Spilophorella,7,14.0,21
Spilotylenchus,1,8.0,8
Spinicauda,1,16.0,3
Spininematoides,0,1.0,0
Spinitectoides,0,1.0,1
Spinitectus,9,79.0,44
Spinocephalus,1,0,0
Spinodesmoscolex,0,1.0,1
Spinodiplotriaena,0,1.0,0
Spinonema,0,6.0,4
Spinostrongylus,0,4.0,0
Spinoxyuris,0,2.0,2
Spiralatus,0,1.0,0
Spiramphinema,0,3.0,3
Spirinia,12,20.0,28
Spirobakerus,1,1.0,0
Spirobolbolaimus,0,4.0,3
Spirocamallanus,9,0,50
Spirocerca,10,10.0,2
Spirodesma,0,1.0,1
Spironoura,0,36.0,39
Spirophilometra,0,3.0,4
Spirosprattus,0,1.0,0
Spirostrongylus,1,1.0,0
Spiroxys,7,19.0,4
Spirura,1,31.0,22
Spirurida,1,0,0
Spiruridae,2,0,12
Spirurina,5,0,6
Spiruroidea,10,0,4
Spiruroides,0,1.0,1
Spiruromorpha,1,0,10
Splendidofilaria,8,19.0,9
Sporonchulus,3,4.0,10
Sprattellus,0,3.0,0
Sprattianema,0,0.0,0
Sprentascaris,0,3.0,9
Sprentia,0,1.0,1
Squamasnema,0,0.0,1
Squamofilaria,0,6.0,1
Squamostrongylus,0,2.0,0
Squanema,0,1.0,1
Srivastavanema,0,6.0,0
Stammeria,0,1.0,5
Stammerinema,1,5.0,2
Starobogatovia,0,5.0,1
Stauratostoma,1,1.0,1
Stefanskostrongylus,0,10.0,1
Stegelleta,2,9.0,14
Stegelletina,7,11.0,19
Stegonema,0,1.0,1
Stegophorus,1,5.0,10
Stegorhabditis,0,1.0,1
Steineria,6,19.0,35
Steineridora,0,4.0,5
Steinernema,648,145.0,50
Steinernematidae,10,0,4
Steinimermis,0,1.0,1
Stellocaronema,0,4.0,2
Stelmioides,0,1.0,0
Stenonchulus,1,1.0,1
Stenuroides,1,1.0,1
Stenurus,3,13.0,15
Stephanofilaria,2,12.0,0
Stephanolaimus,1,3.0,12
Stephanurus,1,19.0,1
Steratocephalus,0,1.0,1
Stictylus,1,0,5
Stilbonema,6,3.0,4
Stilbonematinae,6,0,12
Stilestrongylus,2,26.0,2
Stomachorhabditis,0,4.0,5
Stopractinca,0,6.0,5
Strelkovimermis,1,11.0,25
Streptocara,2,11.0,12
Streptopharagus,2,11.0,1
Strianema,0,1.0,0
Striatodora,0,1.0,1
Striatofilaria,0,2.0,1
Strongylacantha,1,4.0,3
Strongyloidea,9,0,17
Strongyloides,46,63.0,27
Strongyluris,4,23.0,0
Strongylus,4,14.0,50
Struthiofilaria,0,1.0,0
Stygodesmodora,1,12.0,8
Subanguina,23,1.0,9
Subaspiculuris,0,1.0,1
Subsphaerolaimus,1,11.0,8
Subulascaris,0,4.0,1
Subulura,1,64.0,18
Subuluroidea,3,0,2
Sucamphida,0,1.0,1
Sudhausia,3,8.0,3
Suifilaria,0,1.0,0
Suifunema,1,3.0,3
Sulcascaris,2,1.0,1
Sulphuretylenchus,0,13.0,6
Suncinema,0,4.0,0
Sutarostrongylus,1,2.0,0
Suttonema,0,3.0,0
Swangeria,0,2.0,0
Syafruddinema,0,6.0,3
Sychnotylenchus,1,6.0,4
Syconema,0,1.0,1
Symplocostoma,7,23.0,33
Symplocostomella,0,4.0,6
Syncheilaxonchium,2,5.0,1
Syncuaria,2,12.0,22
Syngamus,8,13.0,6
Syngnathinema,0,1.0,2
Synhimantus,6,46.0,12
Synodontisia,0,3.0,3
Synodontium,0,4.0,5
Synoecnema,1,23.0,5
Synonchiella,2,18.0,21
Synonchium,3,8.0,11
Synonchoides,0,1.0,1
Synonchus,3,10.0,17
Synonema,0,10.0,12
Syphabulea,1,9.0,12
Syphacia,19,76.0,50
Syphaciella,0,3.0,3
Syphaciuris,0,1.0,2
Sypharista,0,9.0,7
Syphatineria,1,14.0,7
Syringolaimus,15,0.0,22
Syringoplatycoma,0,0.0,0
Syrphonema,0,1.0,1
Tachygonetria,1,28.0,31
Tachynema,1,2.0,0
Tadaridanema,0,0.0,0
Takakia,0,1.0,1
Takamangai,1,0,30
Takamangi,0,31.0,0
Talanema,3,7.0,3
Tanqua,4,3.0,0
Tantunema,0,7.0,3
Tanzanius,0,1.0,1
Tapia,0,1.0,1
Tapironema,0,1.0,0
Tarantobelus,2,1.0,2
Tarsubulura,0,1.0,0
Tarvaia,1,8.0,21
Tarvaiidae,1,0,1
Tasmanema,0,2.0,0
Tawila,0,14.0,0
Tejeraia,0,1.0,0
Teladorsagia,4,25.0,5
Teleomermis,0,2.0,0
Telomerlinius,1,4.0,2
Telotylenchoides,0,3.0,4
Telotylenchus,4,21.0,30
Tendinema,0,2.0,0
Tenoranema,0,5.0,1
Tenuidraconema,0,3.0,8
Tenunema,0,1.0,0
Tenunemellus,2,7.0,7
Tenuostrongylus,0,1.0,0
Teporingonema,0,7.0,0
Teratocephalus,4,21.0,30
Teratodiplogaster,8,0.0,4
Teratolobus,1,3.0,7
Teratorhabditis,7,5.0,17
Termirhabditis,0,1.0,1
Ternidens,1,1.0,0
Terranova,32,26.0,30
Terromermis,0,2.0,18
Terschellingia,42,41.0,49
Terschellingioides,0,6.0,1
Tetanonema,0,1.0,0
Tethystrongylus,0,1.0,0
Tetleyus,0,5.0,5
Tetrabothriostrongylus,1,2.0,0
Tetracheilonema,0,2.0,0
Tetradomermis,0,9.0,9
Tetradonema,0,2.0,4
Tetragomphius,0,42.0,0
Tetrameres,3,67.0,14
Tetramermis,0,3.0,5
Tetrarhabditis,0,1.0,0
Tetylenchus,0,2.0,8
Texicospirura,0,1.0,0
Thada,1,1.0,5
Thainema,0,2.0,0
Thaistrongylus,0,1.0,0
Thalassironus,2,13.0,11
Thalassoalaimus,5,26.0,25
Thalassogenus,0,5.0,1
Thalassomermis,0,1.0,1
Thalassomonhystera,0,41.0,50
Thalassonema,0,2.0,2
Thallostonema,6,6.0,0
Thamugadia,0,6.0,0
Thaparia,0,5.0,5
Thaumamermis,6,2.0,4
Theileriana,0,21.0,0
Thelandros,16,75.0,48
Thelastoma,16,70.0,50
Thelastomatidae,5,0,50
Thelazia,9,24.0,9
Thelonema,0,4.0,2
Theristus,42,117.0,50
Thonus,2,0,50
Thoonchus,1,4.0,5
Thoracostoma,4,43.0,50
Thoracostomopsidae,37,0,8
Thoracostomopsis,2,6.0,6
Thornedia,0,3.0,0
Thorneella,0,2.0,2
Thornenema,2,21.0,22
Thorneum,0,1.0,1
Thornia,1,11.0,11
Thorniosa,0,1.0,1
Thraustomermis,0,1.0,0
Thripinema,1,5.0,5
Thubunaea,0,24.0,4
Thylaconema,0,1.0,0
Thylonema,2,5.0,2
Thylostrongylus,1,3.0,0
Tiacuatzoxyuris,0,1.0,0
Tigronchoides,0,9.0,10
Tikusnema,0,3.0,0
Timmia,0,3.0,3
Timminema,0,6.0,1
Timmungella,0,1.0,0
Timmus,0,1.0,1
Tipulacomis,0,4.0,2
Titilleus,0,1.0,1
Tobrilia,0,2.0,2
Tobrilidae,12,0,19
Tobrilinae,1,0,0
Tobriloides,1,2.0,4
Tobrilonchulus,0,1.0,1
Tobrilus,25,76.0,50
Tokobaevimermis,0,1.0,2
Tokorhabditis,3,0,3
Tonaudia,0,1.0,0
Tonoscolecinema,0,6.0,0
Torquatoides,0,5.0,1
Torquenema,1,0,0
Torrestrongylus,1,3.0,1
Torsiomermis,0,1.0,1
Torumanawa,0,2.0,1
Torynurus,1,2.0,3
Touzeta,0,1.0,1
Toxascaris,20,6.0,3
Toxocara,7,27.0,5
Trachactinolaimus,2,3.0,3
Trachyglossoides,1,1.0,1
Trachyglossus,0,1.0,1
Trachypharynx,4,51.0,0
Trachypleurosum,0,5.0,6
Traklosia,0,0.0,0
Travassallodapa,0,1.0,1
Travassosascaris,0,1.0,0
Travassosinema,6,9.0,9
Travassosius,1,2.0,1
Travassosnema,0,1.0,0
Travassostrongylus,3,11.0,1
Travnema,0,2.0,2
Trefusia,12,21.0,26
Trefusialaimus,2,1.0,3
Trefusiidae,9,0,3
Tremonema,0,1.0,1
Triaulolaimus,0,1.0,1
Tricaenonchus,0,1.0,2
Tricephalobus,0,1.0,10
Triceratonema,0,1.0,0
Tricheilia,0,1.0,1
Tricheilonema,0,1.0,0
Trichenoplus,0,1.0,1
Trichinella,160,11.0,8
Trichocephalida,1,0,0
Trichochenia,0,3.0,0
Trichodorus,121,52.0,50
Trichofreitasia,0,1.0,0
Trichohelix,0,2.0,0
Tricholeiperia,3,6.0,0
Tricholinstowia,0,12.0,5
Trichonema,0,1.0,1
Trichoskrjabinia,0,3.0,0
Trichosomoides,1,4.0,2
Trichospirura,0,3.0,0
Trichostrongyella,0,1.0,0
Trichostrongylidae,2,0,50
Trichostrongylus,33,53.0,20
Trichotheristus,1,2.0,15
Trichotravassosia,0,1.0,0
Trichotylenchus,2,8.0,41
Trichromadora,0,3.0,5
Trichromadorita,0,2.0,2
Trichuris,331,107.0,31
Trichuroides,0,1.0,2
Tricirronema,2,3.0,3
Tricoma,12,90.0,50
Tricotylenchus,1,0,41
Tridentellia,0,1.0,1
Tridentocapillaria,0,5.0,0
Tridentoinfundibulum,1,3.0,1
Tridentulus,2,6.0,8
Triepsilonema,0,1.0,1
Trifurcata,0,3.0,0
Trigonostonema,1,8.0,0
Trileptium,5,10.0,12
Triligulla,0,1.0,1
Trilobostrongylus,1,1.0,0
Triodontolaimus,0,1.0,2
Triodontophorus,5,9.0,6
Tripius,2,5.0,4
Triplonchida,2,0,6
Triplonchium,1,0,10
Tripyla,36,43.0,50
Tripylella,11,19.0,11
Tripylidae,1,0,6
Tripylina,18,8.0,1
Tripylium,0,2.0,3
Tripyloides,19,16.0,21
Tripyloididae,5,0,11
Trischistoma,19,23.0,25
Trischistomatidae,1,0,3
Trissonchulus,13,10.0,18
Trithornus,0,1.0,1
Triumphalisnema,1,3.0,3
Trochamus,0,5.0,7
Troglostrongylus,4,4.0,1
Trogolaimus,0,5.0,3
Trophomera,3,2.0,42
Trophomermis,0,1.0,0
Trophotylenchulus,6,11.0,14
Trophurus,8,16.0,17
Trualaimus,0,4.0,4
Truttaedacnitis,4,7.0,5
Truxonchus,1,8.0,9
Trypanoxyuris,11,22.0,11
Tsuganema,0,1.0,1
Tsukubanema,0,1.0,0
Tubixaba,1,37.0,1
Tubolaimella,0,1.0,1
Tubolaimoides,4,2.0,4
Tuerkiana,0,1.0,1
Tuhmai,1,0,0
Tumiota,0,1.0,1
Tunicamermis,0,3.0,3
Tupaiostrongylus,0,2.0,0
Turbatrix,1,1.0,4
Turgida,3,2.0,0
Tutunema,0,1.0,1
Tylaphelenchus,1,7.0,3
Tylenchida,1,0,0
Tylenchidae,28,0,17
Tylenchina,16,0,4
Tylenchocriconema,1,1.0,0
Tylenchodoroides,0,1.0,1
Tylenchodorus,0,1.0,1
Tylenchoidea,9,0,17
Tylencholaimellidae,5,0,4
Tylencholaimellus,8,42.0,32
Tylencholaimoidea,2,0,5
Tylencholaimus,24,58.0,50
Tylenchomorpha,7,0,6
Tylenchorhynchus,43,131.0,50
Tylenchorhyncus,1,0,50
Tylenchorynchus,1,0,50
Tylenchulus,9,4.0,9
Tylenchus,13,63.0,50
Tyleptus,1,9.0,6
Tylocephalus,5,11.0,13
Tylodorus,0,2.0,2
Tylolaimophorus,14,15.0,16
Tylopharynx,2,2.0,4
Typhlonema,0,1.0,0
Typhlophoros,0,4.0,4
Typhlopsia,0,9.0,0
Tziminema,1,0.0,1
Udonchus,0,1.0,4
Uliginotylenchus,0,8.0,20
Ultratenella,0,1.0,1
Umingmakstrongylus,1,1.0,0
Uncinaria,46,21.0,14
Undescribed,0,15.0,0
Ungella,0,9.0,1
Ungulilaimella,0,1.0,1
Ungulilaimus,0,1.0,1
Uniovaria,0,1.0,0
Urbanonema,1,2.0,2
Urodelema,0,3.0,0
Urodelnema,1,0,6
Urucuia,0,1.0,1
Usarpnema,0,1.0,1
Utahnema,0,3.0,1
Utriculimermis,0,1.0,1
Valvaelaimoides,0,4.0,2
Valvaelaimus,1,2.0,2
Vampyronema,0,2.0,0
Vanderlindia,0,3.0,2
Varestrongylus,12,14.0,4
Varotylus,0,11.0,0
Vasculonema,0,2.0,2
Vasorhabdochona,1,1.0,1
Vasostoma,1,3.0,13
Vaucherus,0,3.0,0
Veleshkinema,1,1.0,1
Ventelia,0,1.0,1
Versternema,0,1.0,0
Verutus,3,2.0,1
Vetus,0,12.0,4
Veversia,0,1.0,1
Vexillata,3,11.0,0
Viannaia,4,17.0,4
Viannella,0,15.0,0
Vigisospirura,0,2.0,1
Viguerastrongylus,0,0.0,1
Viguiera,1,8.0,50
Viktorocara,1,9.0,7
Virenodiplogaster,0,1.0,1
Viscosia,53,6.0,50
Vittatidera,1,0,0
Viverranisakis,0,11.0,0
Viverrostrongylus,0,1.0,0
Vogeloides,0,3.0,1
Voguracuaria,0,1.0,1
Vulcanonema,0,2.0,2
Wachekitylenchus,1,4.0,4
Waerebekeia,0,2.0,2
Wallabinema,5,26.0,0
Waltonella,1,0,0
Wanaristrongylus,0,4.0,0
Wasimellus,0,1.0,0
Websternema,0,1.0,0
Weisoncholaimus,0,1.0,1
Welchimermis,0,1.0,1
Wellcomia,4,13.0,13
Westindicus,1,6.0,6
Wetanema,0,2.0,2
Wieseria,1,15.0,13
Wiesoncholaimus,1,0,1
Willinema,0,9.0,2
Willmottia,0,1.0,0
Wilsonema,9,9.0,14
Woodwardostrongylus,1,9.0,0
Woolleya,1,10.0,0
Wuchereria,2,28.0,0
Wuia,0,1.0,0
Xenella,0,4.0,0
Xennella,1,0,5
Xenocordon,0,1.0,0
Xenocriconemella,6,2.0,4
Xenocyatholaimus,0,1.0,1
Xenolaimus,0,2.0,2
Xenonema,0,1.0,1
Xericola,0,1.0,0
Xeroxyuris,0,1.0,1
Xiphidorus,9,9.0,0
Xiphinema,207,280.0,50
Xiphinemella,1,15.0,3
Xustrostoma,0,2.0,2
Xyala,5,13.0,18
Xyalidae,91,0,50
Xylorhabditis,0,1.0,2
Xyo,1,5.0,5
Xystrognathus,1,2.0,2
Xyzzors,2,3.0,3
Yagansiella,0,1.0,0
Yatesia,1,1.0,0
Yatinema,0,3.0,3
Yeatesinia,0,1.0,1
Yubeldus,0,1.0,0
Yunqueus,0,1.0,1
Zaglonema,0,3.0,0
Zalonema,3,9.0,13
Zalophidera,0,3.0,0
Zalophora,0,5.0,4
Zanenchus,0,7.0,6
Zealandodera,0,1.0,0
Zeatylenchus,1,1.0,1
Zebrincola,0,3.0,0
Zeldia,7,12.0,22
Zenkoxyuris,0,1.0,2
Zetalaimus,0,3.0,0
Zoniolaimus,8,101.0,0
Zonothrix,1,11.0,11
Zygocaulus,0,1.0,1
Zygonemella,1,1.0,1
Zygotylenchus,2,6.0,7
Zygradus,0,2.0,2
Zyxispinifer,0,1.0,1
aff.,24,0,0
cf.,81,0,0
filarial,1,0,0
mit,0,0.0,0
nematode,1,0,0
panagrolaimoid,1,0,0
rhabditoid,1,0,0
uncultured,5,0,0
unidentified,2,0,0
