Genus,NCBI Species Count,TAXA Species Count,WoRMS Species Count,GenBank Sequence Count
A.,0,0.0,0,0
Abathymermis,0,6.0,18,0
Abbreviata,4,44.0,2,0
Abelbolla,0,7.0,5,0
Abirovulva,0,1.0,1,0
Ablechroiulus,0,14.0,18,0
Aborjinia,3,0.0,3,0
Abursanema,2,4.0,2,0
Acanthocheilonema,13,12.0,4,0
Acanthocheilus,1,3.0,6,0
Acantholaimus,60,57.0,50,40
Acanthomicrolaimus,0,1.0,1,0
Acanthonchus,2,3.0,10,0
Acanthopharynx,7,15.0,19,0
Acanthophryngoides,0,6.0,0,0
Acanthorhabdias,0,1.0,1,0
Acanthostrongylus,0,3.0,1,0
Acanthoxyurus,0,8.0,6,0
Acanthungella,0,1.0,0,0
Acephalodorylaimus,0,1.0,1,0
Acheilostoma,0,3.0,0,0
Achlysiella,0,7.0,6,0
Achromadora,11,24.0,31,0
Ackertia,0,4.0,0,0
Acmaeolaimus,0,1.0,1,0
Acontylus,0,1.0,0,0
Acrobeles,31,30.0,50,20
Acrobelinema,0,1.0,1,0
Acrobeloides,198,26.0,50,10
Acrobelophis,0,4.0,11,0
Acrolobus,0,1.0,2,0
Acromoldavicus,4,2.0,3,6
Acronema,0,1.0,1,0
Acrostichus,44,36.0,43,53
Acroukrainicus,0,1.0,1,0
Actinolaimoides,0,8.0,10,0
Actinolaimus,0,10.0,40,0
Actinonema,2,5.0,16,0
Actus,3,6.0,6,6
Acuaria,2,56.0,17,0
Acuariidae,1,0,0,0
Acugutturus,0,1.0,0,0
Aculonchus,1,0,6,0
Acunemella,0,1.0,1,0
Adelonema,0,1.0,0,0
Adelphos,0,1.0,1,0
Adenodelphis,0,1.0,1,0
Adenolaimus,0,6.0,7,0
Adieronema,0,4.0,0,0
Admirandus,1,3.0,5,0
Adoncholaimus,26,27.0,32,9
Aduncospiculum,1,0,1,0
Adungella,0,3.0,3,0
Aegialoalaimidae,1,0,0,0
Aegialoalaimus,2,9.0,15,0
Aelurostrongylus,1,6.0,3,0
Aenigmenchus,0,1.0,0,0
Aequalodontium,0,1.0,1,0
Aetholaimus,1,5.0,5,0
Afenestrata,0,6.0,6,0
Afractinca,0,5.0,5,0
Afractinolaimus,0,5.0,5,0
Africana,0,8.0,1,0
Africanema,1,3.0,2,0
Africanthion,0,1.0,1,0
Afrina,2,0,1,0
Afritylenchus,0,1.0,0,0
Afrocarnoya,0,1.0,1,0
Afrodorylaimus,0,7.0,14,0
Afronygus,0,1.0,1,0
Afrophilometra,1,0,1,0
Agamascaris,0,2.0,1,0
Agamermis,7,6.0,18,0
Agamofilaria,0,2.0,0,0
Agamomermis,0,10.0,16,0
Agamospirura,0,10.0,1,0
Agfa,2,3.0,3,0
Aglenchus,5,14.0,18,0
Agmodorus,0,5.0,5,0
Agriostomum,0,5.0,0,0
Akanthepsilonema,0,2.0,3,0
Akrotonus,1,2.0,1,0
Alaeuris,0,38.0,41,0
Alaimella,3,2.0,3,1
Alaimidae,5,0,0,0
Alaimonema,0,1.0,1,0
Alaimus,18,52.0,50,0
Alainchabaudia,0,1.0,0,0
Alaninema,1,1.0,3,0
Albiziaphelenchus,0,1.0,1,0
Algoanema,0,1.0,1,0
Aliascaris,0,2.0,2,0
Alinema,1,1.0,2,0
Alippistrongylus,0,1.0,1,0
Alirhabditis,0,2.0,2,0
Allantonema,1,10.0,11,2
Allantonematidae,7,0,0,0
Allintoshius,0,8.0,0,0
Allodapa,0,5.0,4,0
Allodiplogaster,6,0.0,37,0
Allodorylaimus,7,27.0,30,2
Alloionema,5,5.0,5,2
Allomermis,1,3.0,4,0
Allotrichodorus,0,6.0,7,0
Allotylenchus,0,1.0,1,0
Alocostoma,2,2.0,0,0
Amblydorylaimus,1,1.0,1,0
Amblyonema,0,1.0,0,0
Amidostomoides,3,15.0,0,0
Amidostomum,1,7.0,14,0
Ammotheristus,0,2.0,2,0
Amphibelondira,0,5.0,3,0
Amphibiocapillaria,1,0,4,2
Amphibiogoezia,0,1.0,0,0
Amphibiomermis,0,6.0,18,0
Amphibiophilus,4,7.0,6,0
Amphicephaloides,1,1.0,0,0
Amphidelus,1,20.0,39,0
Amphidomermis,0,1.0,11,0
Amphidorylaimus,0,3.0,8,0
Amphimermis,3,23.0,17,0
Amphimonhystera,0,7.0,10,0
Amphimonhystrella,1,3.0,8,0
Amphisakis,0,1.0,0,0
Amphisbaenema,0,1.0,3,0
Amphispira,0,1.0,1,0
Amplicaecum,0,17.0,8,0
Amplimerlinius,7,22.0,27,0
Anadorella,0,1.0,1,0
Anandranema,0,1.0,0,0
Ananus,0,1.0,1,0
Anaplectus,14,12.0,19,0
Anaspiculuris,0,1.0,1,0
Anatonchidae,1,0,0,0
Anatonchus,6,13.0,28,3
Anatrichosoma,5,5.0,0,0
Anchidiplogaster,0,1.0,8,0
Anchobelondira,0,1.0,1,0
Ancylostoma,10,32.0,6,2
Ancylostomatidae,1,0,0,0
Ancyracanthopsis,1,8.0,4,0
Ancyracanthus,1,4.0,5,0
Andersonfilaria,0,2.0,0,0
Andersonstrongylus,0,2.0,0,0
Andrassy,0,nan,0,0
Andrassya,0,2.0,3,0
Angiocaulus,1,0,1,0
Angiostoma,11,21.0,26,0
Angiostrongylus,12,24.0,7,0
Anguillicola,5,1.0,7,0
Anguillicoloides,0,4.0,4,0
Anguillonema,2,4.0,4,13
Anguillula,0,2.0,25,0
Anguina,39,13.0,7,0
Anguinid,2,0,0,0
Anguinidae,4,0,0,0
Anguinoides,1,7.0,2,0
Angulocirrus,0,1.0,0,0
Angusticaecum,1,5.0,4,0
Angustinema,0,1.0,1,0
Anisakidae,130,0,0,0
Anisakis,155,26.0,35,25
Anivanema,0,1.0,1,0
Anomalomermis,0,4.0,2,0
Anomalostoma,0,1.0,1,0
Anomonema,4,1.0,2,0
Anomyctus,1,1.0,1,0
Anoncholaimus,0,1.0,1,0
Anonchus,0,10.0,11,0
Anoplostoma,41,23.0,28,0
Anoplostomatidae,2,0,0,0
Anoplostrongylus,0,2.0,1,0
Antarctenchus,1,1.0,3,0
Antarcticonema,0,3.0,3,0
Antarctylus,0,1.0,0,0
Antechiniella,1,4.0,1,0
Antechinostrongylus,0,1.0,0,0
Antholaimus,0,8.0,3,0
Anthonema,0,1.0,2,0
Anticoma,13,49.0,50,0
Anticomidae,12,0,0,0
Anticomopsis,0,4.0,6,0
Anticyathus,9,6.0,8,60
Anticyclus,0,8.0,8,0
Antomicron,1,6.0,11,0
Antopus,0,1.0,1,0
Anuronema,0,1.0,1,0
Aonchotheca,9,60.0,31,8
Aorolaimus,3,7.0,1,0
Aoruroides,3,7.0,6,6
Aorurus,1,4.0,8,4
Apenodraconema,0,2.0,2,0
Aphanimermis,0,1.0,0,0
Aphanolaimus,3,38.0,47,0
Aphanonchus,1,8.0,8,0
Aphasmatylenchus,0,4.0,0,0
Aphelenchoides,253,220.0,50,39
Aphelenchoididae,19,0,0,0
Aphelenchoidinae,3,0,0,0
Aphelenchulus,0,1.0,7,0
Aphelenchus,39,29.0,36,7
Apifilaria,0,1.0,1,0
Aplectana,10,65.0,50,0
Apodontium,0,4.0,3,0
Apoleptonchus,0,1.0,1,0
Aponchium,0,2.0,2,0
Aponcholaimus,0,1.0,1,0
Aponema,2,9.0,18,0
Aporcedorus,0,2.0,2,0
Aporcelaimellus,113,76.0,50,13
Aporcelaimidae,1,0,0,0
Aporcelaimoides,0,14.0,0,0
Aporcelaimus,4,35.0,49,0
Aporcelinus,12,41.0,34,11
Aporcella,13,5.0,22,16
Apratylenchoides,0,3.0,3,0
Apratylenchus,2,0,2,0
Aprocta,2,39.0,7,0
Aproctella,10,13.0,0,0
Aproctiana,0,4.0,0,0
Aproctoides,0,3.0,0,0
Aproctonema,0,3.0,3,0
Aprutides,1,2.0,2,0
Aquaemermis,0,3.0,4,0
Aquatides,2,16.0,15,0
Arabanema,0,1.0,1,0
Arachnomermis,0,4.0,2,0
Araeolaimida,1,0,0,0
Araeolaimus,5,34.0,50,0
Araguanema,0,3.0,1,0
Aranimermis,0,3.0,3,0
Arboritynchus,0,1.0,0,0
Archeonema,0,1.0,1,0
Archeostrongylus,0,19.0,1,0
Archepsilonema,0,8.0,8,0
Arctidorylaimus,0,4.0,5,0
Arctiplectus,0,1.0,1,0
Arenasoma,0,1.0,1,0
Arganema,0,1.0,1,0
Arnfieldia,0,1.0,0,0
Aronema,0,2.0,1,0
Arthrocephalus,0,1.0,1,0
Arthrostoma,2,5.0,1,0
Artigasia,0,34.0,39,0
Arundelia,1,1.0,0,1
Asakawanema,0,1.0,1,0
Ascaridia,8,37.0,0,0
Ascarididae,2,0,0,0
Ascaridiidae,1,0,0,0
Ascaridoidea,6,0,0,0
Ascaridomorpha,2,0,0,0
Ascaris,76,153.0,50,0
Ascarites,0,3.0,1,0
Ascarophis,4,47.0,50,0
Ascarops,1,9.0,1,0
Ascaroterakis,0,1.0,0,0
Ascolaimus,4,3.0,3,0
Ashworthius,1,9.0,2,0
Asperotobrilus,0,3.0,5,0
Aspiculuris,11,12.0,21,1
Aspidodera,13,9.0,0,0
Aspidonema,0,7.0,6,0
Astomonema,1,5.0,5,0
Asymmelaimus,1,0,1,0
Asymmetracantha,0,1.0,0,0
Asymmetrella,0,1.0,1,0
Asynmelaimus,0,2.0,0,0
Atalodera,11,13.0,0,0
Ataronema,0,1.0,1,0
Atetylenchus,6,6.0,9,11
Athernema,0,1.0,1,0
Athusia,0,2.0,0,0
Atlantadorus,0,1.0,0,0
Atractis,1,17.0,12,0
Atrochromadora,6,5.0,5,0
Atylenchus,0,1.0,1,0
Auanema,15,0.0,9,6
Auchenacantha,0,2.0,3,0
Aulacnema,0,1.0,1,0
Aulolaimoides,0,6.0,6,0
Aulolaimus,2,26.0,25,0
Aulonocephalus,1,1.0,0,0
Aulosphora,0,11.0,10,0
Australodorus,0,1.0,1,0
Austraplectana,0,1.0,2,0
Austromermis,0,1.0,1,0
Austronema,0,1.0,1,0
Austrostrongylus,3,13.0,0,0
Austroxyuris,0,1.0,1,0
Authority,0,0.0,0,0
Avellaria,0,2.0,0,0
Aviculariella,0,4.0,0,0
Avifilaris,0,2.0,0,0
Avilandras,0,1.0,0,0
Avioserpens,0,4.0,2,0
Axonchium,9,39.0,50,0
Axonchoides,1,1.0,2,2
Axonolaimidae,22,0,0,0
Axonolaimus,15,36.0,48,0
Baikalomermis,0,1.0,9,0
Bainechina,0,1.0,0,0
Bairdascaris,0,1.0,0,0
Bakeria,0,3.0,1,0
Bakernema,2,2.0,6,0
Baladorylaimus,0,1.0,1,0
Baldwinema,3,0.0,3,0
Bancroftinema,0,1.0,0,0
Baqriella,0,3.0,2,0
Barbonema,0,3.0,4,0
Barracudia,0,4.0,3,0
Baruscapillaria,4,36.0,18,0
Basilaphelenchus,11,3.0,8,1
Basirella,0,1.0,1,0
Basiria,33,55.0,50,3
Basirotyleptus,0,44.0,34,0
Bastiania,4,9.0,9,0
Bathmostomum,0,1.0,0,0
Bathychaetosoma,0,1.0,1,0
Bathyepsilonema,0,26.0,18,0
Bathyeurystomina,11,4.0,3,0
Bathylaimella,0,1.0,1,0
Bathylaimus,33,35.0,43,0
Bathymermis,0,5.0,21,0
Bathynox,0,1.0,1,0
Bathyodontus,2,3.0,3,0
Batracholandros,2,4.0,5,0
Batrachonema,0,3.0,0,0
Batrachostrongylus,0,1.0,0,0
Baujardia,1,0.0,1,0
Bauruascaris,0,4.0,2,0
Baylisascaris,13,14.0,7,0
Bealius,1,4.0,1,0
Beaninema,0,0.0,0,0
Befilaria,0,2.0,0,0
Belaxellus,0,1.0,1,0
Belbolla,2,12.0,22,0
Belgopeltula,0,1.0,1,0
Bellodera,0,1.0,0,0
Belondira,6,47.0,48,0
Belondirella,0,2.0,3,0
Belondonygolaimellus,0,0.0,0,0
Belonolaimidae,1,0,0,0
Belonolaimus,7,5.0,11,4
Bendiella,1,6.0,3,0
Benthimermis,0,30.0,30,0
Berntsenus,0,2.0,0,0
Bertzuckermania,0,1.0,1,0
Betulodera,4,1.0,1,0
Beveridgea,0,5.0,0,0
Beveridgiella,1,4.0,0,0
Bhalfilaria,0,1.0,0,0
Biacantha,0,1.0,0,0
Biarmifer,0,3.0,5,0
Bicirronema,1,4.0,3,1
Bidentostomum,1,1.0,0,0
Bidigiticauda,1,4.0,1,0
Biguetius,0,1.0,1,0
Bilobodera,1,2.0,0,0
Bilobostoma,1,1.0,1,0
Binema,5,12.0,15,0
Bioccastrongylus,0,1.0,0,0
Biogastranema,0,1.0,0,0
Bisbalia,0,1.0,0,0
Bispiculum,0,1.0,1,0
Bissonema,0,1.0,1,0
Bitylenchus,10,32.0,44,0
Blaberinema,0,1.0,1,0
Blandicephalanema,0,5.0,6,0
Blanusia,0,0.0,1,0
Blatticola,1,11.0,11,0
Blattophila,3,13.0,15,0
Blazionema,0,1.0,1,0
Blepharomermis,0,1.0,1,0
Bodonema,0,1.0,1,0
Boehmiella,0,2.0,0,0
Bolbellia,0,6.0,1,0
Bolbinium,0,1.0,1,0
Bolbolaimus,1,16.0,22,0
Bolbonema,2,11.0,7,0
Boleodorus,12,27.0,36,24
Bongersia,0,1.0,1,0
Boomerangia,0,2.0,2,0
Boraceianema,0,1.0,1,0
Borania,0,1.0,0,0
Boreolaimus,0,7.0,8,0
Boreomicrolaimoides,0,1.0,1,0
Borrellostrongylus,0,1.0,1,0
Bostrichodera,0,1.0,0,0
Boucherius,0,1.0,2,0
Bourgelatia,1,1.0,0,0
Bourgelatioides,0,1.0,0,0
Bovienema,0,5.0,4,0
Boydinema,0,1.0,0,0
Brachonchulus,0,1.0,2,0
Brachyclonus,0,1.0,0,0
Brachydorus,0,3.0,3,0
Bradybucca,0,1.0,2,0
Bradylaimus,1,1.0,2,0
Bradynema,3,8.0,8,0
Bradypostrongylus,0,2.0,0,0
Brasilaimus,0,7.0,18,0
Brasilnema,0,1.0,2,0
Breinlia,13,22.0,1,20
Brevibucca,3,3.0,4,0
Brevibuccidae,1,0,0,0
Brevigraphidium,0,1.0,0,0
Brevinema,0,1.0,0,0
Brevistriata,0,5.0,3,0
Brevithominx,0,0.0,0,0
Brevitobrilus,2,0,13,0
Brittonema,0,3.0,6,0
Bronchonema,0,1.0,0,0
Brugia,25,10.0,0,0
Brumptaemilius,20,13.0,14,0
Brygoonema,0,10.0,0,0
Buccolaimus,0,1.0,1,0
Buckleyatractis,0,1.0,1,0
Buckleyella,1,4.0,2,0
Buckleynema,0,7.0,4,0
Buetschlinema,1,5.0,6,0
Bufonerakis,0,2.0,1,0
Bullaenema,0,1.0,1,0
Bunomystrongylus,0,4.0,1,0
Bunonema,35,19.0,27,0
Bunostomum,5,8.0,2,0
Burmanema,0,1.0,0,0
Bursadera,0,1.0,1,0
Bursaphelenchus,154,174.0,50,21
Bursilla,0,8.0,9,0
Butlerius,5,17.0,18,0
Buzionema,2,1.0,1,0
Caballeronema,0,2.0,2,0
Caballonema,0,1.0,0,0
Cacolaimus,0,1.0,1,0
Cacopaurus,1,1.0,2,0
Cactodera,27,20.0,18,0
Caenorhabditis,89,56.0,50,26
Caenostrongylus,0,1.0,0,0
Cagourakis,0,1.0,0,0
Calcaridorylaimus,5,10.0,11,4
Californidorus,2,4.0,4,0
Caligocanna,0,1.0,2,0
Calligyrus,0,2.0,2,0
Callistoura,0,1.0,1,0
Calodium,2,0,7,0
Calolaimus,0,8.0,7,0
Calomicrolaimus,11,1.0,15,0
Caloosia,1,11.0,19,7
Calvigula,0,1.0,0,0
Calypsostrongylus,0,3.0,2,0
Calyptronema,9,19.0,21,0
Camacolaimidae,1,0,0,0
Camacolaimus,19,0,50,3
Camallanidae,1,0,0,0
Camallanides,0,13.0,0,0
Camallanus,14,124.0,50,0
Camelodera,0,1.0,0,0
Camelostrongylus,1,20.0,5,0
Cameronecator,0,1.0,0,0
Cameronia,3,14.0,2,0
Campanarougetia,0,2.0,0,0
Campbellenchus,0,2.0,2,0
Camponotimermis,0,0.0,2,0
Campydora,1,1.0,2,0
Campydoroides,0,1.0,1,0
Campylaimus,6,29.0,25,0
Capillaria,88,168.0,8,0
Capillariidae,1,0,0,0
Capillariinae,1,0,0,0
Capillospirura,2,0,3,0
Capillostrongyloides,0,9.0,10,0
Capilonchus,0,2.0,2,0
Capitomermis,0,7.0,9,0
Caprionchulus,0,1.0,1,0
Captivonema,0,2.0,1,0
Caputonchus,0,1.0,1,0
Carabonema,0,1.0,1,0
Caranginema,1,0,1,0
Carcharodiscus,1,0,9,0
Carcharolaimus,2,11.0,25,0
Cardianema,0,1.0,0,0
Cardiofilaria,1,9.0,1,0
Cardiostrongylus,0,1.0,0,0
Caribenema,0,5.0,5,0
Caribplectus,0,1.0,2,0
Carinoscapter,0,1.0,1,0
Carlosia,0,1.0,1,0
Carnoya,4,30.0,29,0
Carnoychaeta,0,1.0,1,0
Carnoyidae,1,0,0,0
Carolinensis,3,7.0,1,0
Caroloxyuris,0,1.0,1,0
Carostrongylus,0,1.0,0,0
Carphodorus,1,1.0,1,0
Caryboca,0,4.0,4,0
Cascofilaria,0,6.0,3,0
Cassunema,1,1.0,0,0
Castorstrongylus,0,1.0,0,0
Catanema,8,4.0,8,2
Catoralaimellus,0,1.0,1,0
Cattiena,2,2.0,2,0
Caveonchus,0,5.0,4,0
Caviputa,0,10.0,10,0
Cenolaimus,0,2.0,2,0
Cephalanticoma,3,1.0,4,0
Cephalenchus,25,20.0,24,20
Cephalobellus,4,34.0,36,24
Cephalobidae,23,0,0,0
Cephalobium,0,13.0,13,0
Cephaloboides,7,25.0,13,0
Cephalobus,35,30.0,50,1
Cephalochaetosoma,0,1.0,2,0
Cephalodorylaimus,0,2.0,2,0
Cephaluris,5,7.0,7,0
Ceramonema,7,21.0,34,6
Ceramonematidae,2,0,0,0
Ceratomermis,0,1.0,1,0
Ceratoplectus,6,6.0,8,0
Ceratosolenus,0,2.0,2,0
Ceratospira,0,4.0,0,0
Cercogylus,0,1.0,0,0
Cercopithifilaria,17,25.0,2,11
Cervidellus,18,16.0,37,2
Cervoannulatus,0,1.0,1,0
Cervonema,4,20.0,20,0
Cervonemella,0,1.0,0,0
Chabaudechina,0,2.0,0,0
Chabaudiella,0,1.0,0,0
Chabaudistrongylus,0,3.0,2,0
Chabaudstrongylus,1,2.0,0,0
Chabertia,2,7.0,2,0
Chabertiella,0,1.0,0,0
Chabfilaria,0,2.0,0,0
Chabirenia,0,0.0,0,0
Chaetonema,5,6.0,10,0
Chalcidonema,0,1.0,1,0
Chambersiella,0,1.0,3,0
Chandlerella,3,25.0,5,0
Chandleronema,0,1.0,0,0
Chapiniella,0,4.0,1,0
Cheilobus,0,1.0,6,0
Cheilonematodum,0,1.0,0,0
Cheilospirura,1,12.0,2,0
Cheironchus,3,8.0,10,0
Cheiropteronema,0,1.0,0,0
Cheloniheterakis,0,1.0,0,0
Cherylia,0,1.0,0,0
Chevreuxia,1,5.0,2,0
Chilenchus,0,1.0,1,0
Chilonema,0,1.0,1,0
Chiloplacoides,0,1.0,1,0
Chiloplacus,12,33.0,50,2
Chiloplectus,1,0,8,0
Chiropterofilaria,0,1.0,0,0
Chisholmia,0,4.0,2,0
Chitinotylenchus,0,5.0,2,0
Chitwoodchabaudia,0,1.0,0,0
Chitwoodia,0,2.0,5,0
Chitwoodiella,1,8.0,6,0
Chitwoodiellus,0,5.0,6,0
Chitwoodieloides,0,3.0,3,0
Chitwoodius,1,15.0,16,0
Chitwoodspirura,0,1.0,0,0
Chlamydoprocta,0,1.0,0,0
Chloronemella,0,1.0,1,0
Choanolaimus,4,1.0,1,0
Chondronema,0,1.0,0,0
Choniangium,0,3.0,1,0
Choniolaimus,2,5.0,9,6
Chordatortilis,0,1.0,0,0
Chordocephalus,0,5.0,1,0
Choriorhabditis,5,4.0,28,0
Christiella,0,3.0,4,0
Chromadora,6,29.0,50,0
Chromadorea,2,0,0,0
Chromadorella,4,14.0,29,0
Chromadorid,1,0,0,0
Chromadorida,6,0,0,0
Chromadoridae,89,0,0,0
Chromadorina,11,27.0,43,0
Chromadorissa,0,3.0,4,0
Chromadorita,48,38.0,50,0
Chromadoropsis,1,5.0,7,0
Chromaspirina,4,27.0,36,0
Chronogaster,7,43.0,50,0
Chronogastridae,1,0,0,0
Chrysomelimermis,0,1.0,0,0
Chrysonema,1,10.0,1,0
Chylorhabditis,1,0,1,0
Cienfuegia,0,1.0,1,0
Cinctonema,0,3.0,4,0
Cissophyllus,1,4.0,4,0
Citellina,0,11.0,13,0
Citellinema,8,7.0,0,0
Citellinoides,0,1.0,0,0
Cithariniella,0,4.0,4,0
Cladocephalus,0,1.0,3,0
Clarkus,16,12.0,32,3
Clavicauda,0,4.0,3,0
Clavicaudoides,8,0,12,0
Clavicuadoides,0,11.0,0,0
Clavinema,2,3.0,3,0
Clementeia,0,3.0,4,0
Cloacina,71,159.0,19,20
Cnizostrongylus,0,1.0,0,0
Coarctadera,0,9.0,9,0
Cobbia,1,13.0,18,0
Cobbionema,2,5.0,6,3
Cobboldina,0,3.0,1,0
Cobbonchulus,0,1.0,1,0
Cobbonchus,0,32.0,41,0
Codiostomum,0,1.0,1,0
Colbranium,0,1.0,1,0
Colobostrongylus,0,2.0,0,0
Colporhabditis,0,1.0,1,0
Columbostrongylus,0,1.0,0,0
Comephoronema,2,7.0,8,0
Comesa,2,11.0,11,0
Comesoma,2,13.0,19,0
Comesomatidae,27,0,0,0
Comesomoides,0,1.0,1,0
Congerinema,0,1.0,1,0
Conilia,0,4.0,3,0
Coninckia,0,5.0,7,0
Conispiculum,0,3.0,0,0
Contortylenchus,7,20.0,12,0
Contracaecum,197,108.0,50,20
Coomansinema,0,13.0,9,0
Coomansus,3,21.0,34,0
Cooperia,33,33.0,9,1
Copalonema,0,1.0,0,0
Copemania,0,1.0,0,0
Coprotylenchus,0,1.0,0,0
Cordicauda,0,12.0,0,0
Cordonicola,2,2.0,2,0
Corethrellonema,0,1.0,1,0
Cornilaimus,0,1.0,1,0
Cornurella,1,1.0,1,0
Corollonema,0,1.0,0,0
Corollostrongylus,0,1.0,0,0
Coronocephalus,0,2.0,2,0
Coronocyclus,3,6.0,0,0
Corononema,0,2.0,3,0
Coronostoma,1,8.0,7,0
Coronostrongylus,4,9.0,1,0
Corpicracens,0,1.0,1,0
Corydiella,0,2.0,2,0
Corythostoma,0,3.0,3,0
Cosalaimus,0,6.0,4,0
Coslenchus,24,40.0,45,4
Cosmocephalus,2,10.0,14,0
Cosmocerca,23,43.0,45,0
Cosmocercella,0,10.0,2,0
Cosmocercidae,8,0,0,0
Cosmocercoides,9,34.0,31,40
Cosmostrongylus,0,1.0,0,0
Cosmoxynema,0,1.0,1,0
Cosmoxynemoides,0,3.0,3,0
Costanemella,0,1.0,1,0
Cotylenchus,1,0,0,0
Courduriella,0,1.0,0,0
Coynema,1,0,0,0
Cranifera,1,2.0,2,0
Craspedonema,0,3.0,5,0
Crassibucca,0,4.0,6,0
Crassicauda,22,12.0,14,20
Crassinema,0,1.0,1,0
Crassogula,0,1.0,1,0
Crassolabium,3,5.0,45,0
Crassolaimus,0,2.0,2,0
Crassonchus,0,12.0,6,0
Crateronema,0,2.0,3,0
Craterostomum,1,2.0,1,0
Creagrocercus,1,1.0,3,0
Crenatobronema,0,1.0,0,0
Crenopharynx,3,11.0,14,0
Crenosoma,11,16.0,9,0
Crestanema,0,1.0,1,0
Crestonchulus,0,1.0,1,0
Cretaciaphelenchoides,0,1.0,1,0
Cretacimermis,0,5.0,9,0
Cretodiplogaster,0,1.0,1,0
Cribronema,0,3.0,1,0
Cricodorylaimus,0,1.0,2,0
Cricohalalaimus,1,0,1,0
Cricolaimus,0,2.0,2,0
Criconema,41,106.0,50,0
Criconematidae,9,0,0,0
Criconematoidea,2,0,0,0
Criconemella,1,0,50,8
Criconemoides,39,45.0,50,20
Criptonchus,0,1.0,5,0
Cristamphidelus,0,8.0,7,0
Cristitectus,0,1.0,1,0
Crocodorylaimus,1,10.0,15,0
Crocodylocapillaria,0,1.0,1,0
Croconema,0,19.0,17,0
Croserinema,0,3.0,3,0
Crossocephalus,0,4.0,1,0
Crossonema,12,36.0,50,0
Crossophorus,0,1.0,4,0
Cruorifilaria,2,1.0,0,0
Crustafila,0,1.0,1,0
Crustorhabditis,2,5.0,8,0
Cruzia,3,12.0,2,0
Cruznema,15,8.0,17,0
Crycophorus,0,1.0,0,0
Cryonema,0,2.0,2,0
Cryphodera,20,15.0,1,0
Cryptaphelenchoides,0,5.0,1,0
Cryptaphelenchus,25,34.0,17,0
Cryptenoplus,0,1.0,1,0
Cryptolaimus,0,2.0,2,0
Cryptonchus,2,4.0,5,0
Ctenascarophis,0,2.0,2,0
Ctenodactylina,0,1.0,1,0
Cucullanidae,2,0,0,0
Cucullaninae,1,0,0,0
Cucullanus,21,189.0,50,0
Cucullitylenchus,0,1.0,1,0
Culicimermis,0,3.0,4,0
Cupostomella,0,1.0,1,0
Curvicaudatum,0,1.0,0,0
Curviditis,0,2.0,7,0
Curvidorylaimus,0,1.0,2,0
Curvolaimus,0,5.0,5,0
Cuticonema,1,1.0,1,0
Cuticularia,3,6.0,9,0
Cutidiplogaster,1,0,1,0
Cyartonema,6,9.0,10,0
Cyatholaimidae,38,0,0,0
Cyatholaimus,8,26.0,50,0
Cyathonchus,0,1.0,1,0
Cyathoshiva,0,2.0,1,0
Cyathospirura,0,6.0,2,0
Cyathostoma,6,18.0,8,0
Cyathostominae,56,0,0,0
Cyathostomum,7,32.0,9,0
Cyclobulura,0,1.0,0,0
Cyclodontostomum,1,3.0,1,0
Cyclopsinema,0,1.0,0,0
Cyclostrongylus,7,10.0,0,0
Cyclozone,0,1.0,1,0
Cygnonema,0,1.0,3,0
Cylicocyclus,10,18.0,10,16
Cylicodontophorus,2,8.0,5,0
Cylicolaimus,7,5.0,9,0
Cylicospirura,3,10.0,2,0
Cylicostephanus,10,15.0,7,0
Cylicostrongylus,0,3.0,0,0
Cylindrolaimus,4,22.0,25,0
Cylindropharynx,3,7.0,0,0
Cynura,1,5.0,5,1
Cyrnea,3,28.0,6,0
Cyrtosomum,0,7.0,1,0
Cystidicola,2,9.0,10,0
Cystidicoloides,1,7.0,5,0
Cystocaulus,1,4.0,2,0
Cystofilaria,0,1.0,0,0
Cystoopsis,1,3.0,2,0
Cytolaimium,0,2.0,4,0
Dacnitis,0,1.0,2,0
Dacnitoides,8,1.0,2,2
Dactylaimoides,0,1.0,1,0
Dactylaimus,0,1.0,1,0
Dactyluraxonchium,0,2.0,2,0
Dagda,1,1.0,3,0
Daniconema,0,1.0,1,0
Daptonema,59,167.0,50,0
Dartevellenia,0,1.0,0,0
Dasylaimus,0,1.0,1,0
Dasynemella,1,6.0,7,0
Dasynemoides,2,6.0,16,0
Daubaylia,3,9.0,2,0
Daubneyia,0,7.0,0,0
Davenema,1,1.0,1,0
Dayellus,0,1.0,1,0
Decamermis,0,1.0,1,0
Decorataria,1,0,1,0
Decrusia,0,1.0,0,0
Deficephalobus,1,3.0,3,1
Deladenus,85,40.0,25,6
Delatylus,1,1.0,1,0
Deletrocephalus,1,2.0,1,0
Deleyia,0,2.0,2,0
Delicata,0,10.0,20,0
Deliria,0,1.0,0,0
Deltanema,0,1.0,1,0
Demaniella,4,6.0,8,0
Demonema,1,1.0,1,3
Dentatonema,0,1.0,1,0
Denticulella,1,4.0,5,0
Denticulospirura,0,1.0,0,0
Dentinema,0,1.0,0,0
Dentiphilometra,2,3.0,3,0
Dentirumai,0,1.0,1,0
Dentolaimoides,0,1.0,0,0
Dentomermis,0,1.0,1,0
Dentostomella,1,6.0,6,0
Deontolaimus,7,7.0,29,0
Deontostoma,8,16.0,26,36
Dermatopallarya,0,1.0,1,0
Dermatoxys,0,9.0,12,0
Desmicola,3,9.0,9,0
Desmidocerca,0,1.0,2,0
Desmidocercella,1,4.0,3,0
Desmodora,24,78.0,50,0
Desmodorella,5,14.0,16,0
Desmodorida,1,0,0,0
Desmodoridae,30,0,0,0
Desmognathinema,0,3.0,0,0
Desmolaimoides,0,1.0,1,0
Desmolaimus,11,18.0,23,0
Desmolorenzenia,0,13.0,13,0
Desmoscolecidae,94,0,0,0
Desmoscolex,14,99.0,50,2
Desmotimmia,0,1.0,1,0
Desmotricoma,0,1.0,1,0
Desportesius,1,10.0,15,0
Dessetfilaria,0,2.0,0,0
Dessetia,0,1.0,1,0
Dessetostrongylus,0,3.0,0,0
Devibursaphelenchus,11,8.0,4,0
Diaphanocephalus,1,1.0,0,0
Diastolaimus,3,2.0,5,4
Dicelis,7,18.0,1,8
Diceloides,0,1.0,0,0
Dicerocola,0,1.0,0,0
Diceronema,0,1.0,1,0
Dicheilonema,0,10.0,2,0
Dichelyne,11,63.0,35,22
Dichromadora,38,2.0,41,0
Dictyocaulus,28,16.0,11,38
Didelphonema,0,1.0,0,0
Didelphostrongylus,1,1.0,0,0
Didelphoxyuris,0,1.0,1,0
Didelphyoptera,0,1.0,0,0
Didelphysoma,0,1.0,0,0
Didelta,0,5.0,7,0
Didilia,0,1.0,1,0
Digitiphilometroides,1,1.0,1,0
Dinetia,0,2.0,4,0
Dintheria,1,1.0,1,0
Dioctophyme,2,1.0,1,0
Dioctowittus,0,4.0,0,0
Diodontolaimus,0,3.0,4,0
Diomedenema,2,3.0,3,0
Dipetalonema,21,38.0,3,0
Diphterophora,2,0,41,0
Diphtherophora,19,37.0,41,0
Diplobathylaimus,0,1.0,1,0
Diplogaster,4,7.0,50,0
Diplogasteriana,2,1.0,3,0
Diplogasterid,1,0,0,0
Diplogasteridae,16,0,0,0
Diplogasteritus,1,3.0,30,0
Diplogasteroides,19,37.0,47,0
Diplogasteromorpha,2,0,0,0
Diplogastrellus,7,2.0,20,0
Diplogastridae,12,0,0,0
Diplolaimella,15,11.0,16,0
Diplolaimelloides,7,11.0,14,0
Diplonema,0,1.0,1,0
Diplopeltidae,3,0,0,0
Diplopeltis,2,6.0,17,0
Diplopeltoides,5,23.0,22,0
Diplopeltoididae,1,0,0,0
Diplopeltula,1,6.0,36,0
Diploscapter,18,14.0,18,0
Diploscapteroides,1,7.0,8,0
Diplotriaena,3,65.0,16,0
Diptenchus,0,1.0,1,0
Dipteromermis,0,1.0,1,0
Dirofilaria,23,47.0,4,0
Dirofilariaeformia,0,1.0,0,0
Dirofilarionema,0,1.0,0,0
Discocriconemella,5,31.0,40,0
Discoditis,0,2.0,2,0
Discolaimium,2,36.0,50,0
Discolaimoides,3,16.0,19,0
Discolaimus,13,42.0,50,0
Discomermis,0,1.0,1,0
Discomyctus,0,10.0,10,0
Disconema,0,8.0,9,0
Discopersicus,2,0.0,1,4
Discotylenchus,5,10.0,9,3
Dispharynx,2,0,5,0
Dispira,0,1.0,1,0
Distolabrellus,3,3.0,7,0
Ditlevsenella,0,4.0,5,0
Ditremamermis,0,2.0,2,0
Ditylenchus,121,89.0,50,54
Divisispiculimermis,0,1.0,0,0
Diximermis,0,1.0,2,0
Doanhnema,0,0.0,5,0
Dogielophis,0,1.0,0,0
Dolichodera,1,1.0,1,0
Dolichodorus,6,20.0,26,4
Dolicholaimus,2,10.0,17,0
Dolichorhabditis,0,10.0,6,0
Dolichosomatum,0,1.0,1,0
Doliolaimus,0,1.0,1,0
Dollfusnema,0,2.0,1,0
Dollfusstrongylus,0,1.0,0,0
Dominicactinolaimus,0,1.0,0,0
Domorganus,1,10.0,10,0
Donsinema,0,1.0,1,0
Donsinemella,0,1.0,1,0
Dorcopsinema,0,10.0,2,0
Dorcopsistrongylus,0,3.0,1,0
Dorella,0,4.0,1,0
Doronchus,0,2.0,2,0
Dorydorella,2,4.0,3,2
Dorylaimellus,5,85.0,50,0
Dorylaimida,12,0,0,0
Dorylaimidae,4,0,0,0
Dorylaimina,2,0,0,0
Dorylaimoidea,7,0,0,0
Dorylaimoides,7,80.0,50,0
Dorylaimopsis,10,33.0,34,3
Dorylaimus,11,28.0,50,2
Doryllium,1,16.0,19,0
Doryonchus,0,1.0,0,0
Dracogalerus,0,3.0,4,0
Dracognomus,1,7.0,8,0
Dracograllus,6,21.0,32,4
Draconactus,0,2.0,2,0
Draconema,4,22.0,40,2
Draconematidae,41,0,0,1
Dracotoronema,0,1.0,0,0
Dracunculus,12,11.0,3,0
Draschia,0,1.0,1,0
Drasico,2,4.0,2,4
Drepanodorylaimus,1,18.0,22,0
Drilocephalobus,1,7.0,11,0
Drilomermis,0,1.0,1,0
Drilonema,0,1.0,0,0
Dromaeostrongylus,1,1.0,0,0
Dujardinascaris,3,32.0,20,0
Dukerostrongylus,0,1.0,0,0
Dunnifilaria,0,3.0,0,0
Duosulcius,0,2.0,2,0
Duplicaecum,0,1.0,0,0
Durettechina,0,1.0,0,0
Durettenema,2,4.0,2,0
Durettestrongylus,0,4.0,0,0
Duriella,0,1.0,1,0
Durikainema,0,2.0,2,0
Durinema,0,2.0,2,0
Echinocephalus,11,17.0,29,0
Echinocoleus,0,5.0,3,0
Echinodesmodora,0,3.0,3,0
Echinodorus,0,1.0,2,0
Echinomermella,1,2.0,2,0
Echinotheristus,0,2.0,2,0
Echinuria,1,12.0,12,0
Echinurioides,0,1.0,0,0
Echonema,0,1.0,0,0
Ecphyadophora,15,8.0,11,0
Ecphyadophoroides,0,2.0,9,0
Ecuadorus,0,1.0,1,0
Ecumenicus,16,4.0,4,0
Edesonfilaria,0,2.0,0,0
Egtitis,0,20.0,32,0
Ekphymatodera,1,1.0,0,0
Ektaphelenchidae,1,0,0,0
Ektaphelenchoides,21,21.0,14,10
Ektaphelenchus,19,35.0,20,1
Elaeolenchus,0,1.0,0,0
Elaeophora,2,4.0,2,0
Elaphonema,0,6.0,6,0
Elaphostrongylus,3,5.0,3,0
Eleutherolaimus,6,27.0,29,0
Elzalia,1,13.0,13,0
Enchelidiella,0,1.0,1,0
Enchelidiidae,11,0,0,0
Enchelidium,0,8.0,16,0
Enchodeloides,1,1.0,1,0
Enchodelus,15,37.0,50,23
Enchodorus,2,4.0,3,0
Encholaimus,0,2.0,2,0
Endeolophos,3,5.0,5,0
Enoplea,2,0,0,0
Enoplida,4,0,0,0
Enoplochilus,0,1.0,1,0
Enoploides,98,8.0,48,0
Enoplolaimus,30,42.0,50,0
Enoplus,16,51.0,50,0
Entaphelenchus,0,6.0,6,0
Enterobiinae,3,0,0,0
Enterobius,7,27.0,23,0
Entomelas,6,9.0,5,0
Eomermis,0,1.0,0,0
Eophasma,0,2.0,1,0
Epacanthion,11,33.0,34,0
Epacrolaimus,1,2.0,3,47
Epicharinema,0,1.0,1,0
Epidorylaimus,9,14.0,17,0
Epimenides,0,1.0,1,0
Epitobrilus,2,25.0,21,0
Epomidiostomum,0,15.0,6,0
Epsilonema,6,115.0,27,2
Epsilonematidae,90,0,0,0
Equilophos,0,4.0,2,0
Equinurbia,0,1.0,0,0
Ereptonema,1,5.0,8,0
Esocinema,1,1.0,1,0
Etamphidelus,0,10.0,17,0
Ethmodora,0,1.0,0,0
Ethmolaimidae,1,0,0,0
Ethmolaimus,1,17.0,22,0
Eubostrichus,7,12.0,16,0
Eucephalobus,29,11.0,34,8
Euchromadora,12,26.0,48,0
Euchromanema,0,2.0,2,0
Eucoleus,21,34.0,25,0
Eucyathostomum,0,6.0,0,0
Eudorylaimus,32,107.0,50,0
Eudromoxyura,0,1.0,2,0
Eudronema,0,1.0,1,0
Eufilaria,3,17.0,4,0
Eulimdana,1,0,12,0
Eumermis,0,2.0,4,0
Eumonhystera,11,36.0,50,0
Euryconema,0,2.0,2,0
Eurymermis,0,8.0,34,0
Eurystomina,8,47.0,50,0
Eustrongylides,120,17.0,8,0
Eusynonchus,0,2.0,2,0
Euteratocephalus,4,6.0,8,0
Eutobrilus,3,40.0,41,0
Eutylenchus,2,6.0,7,0
Euzetoda,0,1.0,0,0
Evaginuris,0,1.0,1,0
Excisa,0,5.0,1,0
Expressonema,0,1.0,1,0
Ezonema,0,2.0,0,0
Falcaustra,11,71.0,50,10
Falcihasta,0,4.0,4,0
Fastigiuris,0,1.0,1,0
Fellicola,0,1.0,1,0
Fenestrolaimus,0,4.0,5,0
Fergusobia,140,49.0,32,35
Feroxides,0,1.0,1,0
Fescia,0,1.0,1,1
Ficophagus,27,0.0,23,0
Ficotylus,2,2.0,1,0
Fictor,6,20.0,48,0
Filaria,10,44.0,50,0
Filarinema,2,13.0,1,0
Filarioid,1,0,0,0
Filarioidea,19,0,0,0
Filariopsis,1,4.0,1,0
Filarissima,0,1.0,0,0
Filaroides,1,13.0,6,0
Filenchus,58,63.0,50,10
Filicapitis,0,1.0,0,0
Filidicolaimus,0,2.0,0,0
Filipjeva,0,7.0,7,0
Filipjevia,0,1.0,4,0
Filiponema,2,10.0,4,0
Filitonchoides,0,1.0,1,0
Filitonchus,0,3.0,3,0
Filoncholaimus,0,5.0,6,0
Filostrongylus,0,2.0,0,0
Filotermes,0,1.0,1,0
Fissicauda,0,7.0,0,0
Fitzsimmonsnema,0,1.0,1,0
Flagicaudoides,0,1.0,1,0
Flannerystrongylus,0,1.0,1,0
Fleuronema,0,3.0,3,0
Foleyella,2,10.0,1,0
Foleyellides,7,16.0,10,20
Foliostoma,1,1.0,0,0
Fontesia,0,2.0,0,0
Fontonema,0,1.0,1,0
Formicitylenchus,0,1.0,0,0
Formicodiplogaster,0,1.0,1,0
Fotolaimus,1,1.0,3,0
Fraglenchus,0,1.0,1,0
Freitasascaris,0,1.0,0,0
Freitascapillaria,0,1.0,1,0
Freitasia,0,1.0,0,0
Freitastrongylus,0,1.0,0,0
Fuellebornema,0,7.0,0,0
Fukumotonema,0,6.0,3,0
Funaria,5,12.0,18,0
Fungiotonchium,0,4.0,5,0
Furconema,0,1.0,1,0
Fuscheila,0,2.0,2,0
Fuscicorpa,0,1.0,0,0
Fusivermis,0,1.0,1,0
Fusonema,0,1.0,1,0
Gaigeria,0,1.0,0,0
Gairleanema,0,1.0,2,0
Galebia,0,1.0,1,0
Galeiceps,0,4.0,0,0
Galinanema,0,1.0,1,0
Gallegostrongylus,0,4.0,1,0
Galoncus,0,23.0,0,0
Gammanema,10,14.0,17,29
Gammarinema,2,8.0,8,0
Gammaromermis,0,3.0,4,0
Gastromermis,3,82.0,50,0
Gatesnema,0,1.0,0,0
Gazellostrongylus,0,1.0,0,0
Gendrespirura,7,1.0,0,0
Gendria,2,7.0,12,0
Genus,0,0.0,0,0
Geocenamus,11,21.0,50,0
Geomonhystera,16,39.0,30,14
Geopetitia,0,4.0,1,0
Geoscaphenema,0,1.0,1,0
Geraldius,4,1.0,1,3
Gerlachius,0,2.0,2,0
Gerthus,0,4.0,4,0
Gessyella,0,1.0,1,0
Gibsonnema,0,2.0,0,0
Gilsonema,1,2.0,2,0
Glaber,0,3.0,3,0
Glistrongylus,0,1.0,1,0
Globocephaloides,3,3.0,0,0
Globocephalus,3,33.0,2,0
Globodera,56,17.0,21,20
Glochidorella,0,5.0,6,0
Glochinema,0,6.0,8,0
Glomerinema,0,4.0,4,0
Gnathostoma,20,19.0,11,0
Gnomoxyala,0,1.0,1,0
Gobindonema,0,1.0,2,0
Goezia,2,39.0,31,0
Goferus,0,1.0,1,0
Goffartia,0,7.0,7,0
Golovatchinema,0,1.0,1,0
Gomphionchus,0,1.0,0,0
Gomphionema,4,4.0,5,0
Gongylonema,11,38.0,17,0
Gonionchus,2,14.0,14,0
Gonofilaria,0,1.0,0,0
Goodeyella,0,1.0,1,0
Gopalus,0,1.0,1,0
Gopheruris,0,1.0,1,0
Gordiomermis,0,1.0,1,0
Gracilacus,12,0,50,11
Gracilancea,0,1.0,1,0
Grahamius,0,1.0,1,0
Grammocephalus,0,3.0,1,0
Granonchulus,1,4.0,6,0
Granulinema,0,2.0,2,0
Graphidiella,1,3.0,1,0
Graphidioides,1,9.0,0,0
Graphidiops,0,7.0,0,0
Graphidium,1,1.0,1,0
Graphinema,0,1.0,0,0
Graphonema,4,10.0,19,0
Grassenema,1,1.0,1,0
Greeffiella,2,11.0,14,0
Greeffiellopsis,0,1.0,1,0
Gryllophila,1,10.0,12,0
Gubalonus,0,1.0,1,0
Gubernaculimermis,0,1.0,1,0
Gubernaculomeres,0,2.0,0,0
Guerrerostrongylus,2,4.0,1,0
Guitartia,0,1.0,1,0
Gullanema,0,1.0,1,0
Gurltia,2,1.0,0,0
Guyanema,0,5.0,2,0
Gyalocephalus,1,1.0,1,0
Gymnotylenchus,0,3.0,3,0
Gymnotyleptus,0,2.0,2,0
Gynaecometra,0,1.0,1,0
Gynopoecilia,0,1.0,0,0
Gyrinicola,5,5.0,6,52
Habronema,3,26.0,7,0
Hadjelia,1,12.0,1,0
Hadrodenus,1,2.0,2,0
Hadronchoides,0,2.0,2,0
Hadronchulus,0,3.0,3,0
Hadronchus,0,2.0,7,0
Haematozoon,0,2.0,3,0
Haemonchus,32,14.0,2,1
Hakynema,0,1.0,1,0
Halalaimus,86,85.0,50,0
Halanonchus,0,9.0,10,0
Halaphanolaimus,0,6.0,11,0
Halenchus,1,3.0,5,0
Halicephalobus,131,8.0,11,0
Halichoanolaimus,18,36.0,46,13
Halicylindrolaimus,0,1.0,1,0
Halinema,0,4.0,4,0
Haliplectus,15,31.0,33,20
Halocercus,5,14.0,18,0
Halodorylaimus,0,3.0,2,0
Halomonhystera,35,36.0,22,10
Hamatospiculum,0,9.0,4,0
Hammerschmidtiella,6,15.0,15,2
Hapalomus,0,2.0,2,0
Haplacis,0,1.0,1,0
Haplodidentus,0,1.0,0,0
Haplonema,0,7.0,1,0
Haptotricoma,0,3.0,3,0
Haroldakis,0,1.0,0,0
Harpagonchoides,0,1.0,1,0
Harpagonchus,0,2.0,2,0
Hartertia,0,10.0,4,0
Hartwichia,0,1.0,1,0
Hasanuddinia,0,5.0,2,0
Hasegawanema,0,10.0,5,0
Hassalstrongylus,3,19.0,2,0
Hastospiculum,0,8.0,0,0
Hatterianema,0,1.0,0,0
Haycocknema,1,1.0,1,0
Hedruris,4,20.0,25,7
Hekarella,0,1.0,1,0
Heleidomermis,1,4.0,3,0
Helicobelondira,0,1.0,1,0
Heliconema,3,21.0,22,0
Helicotylenchus,110,205.0,50,21
Heligmodentostoma,0,1.0,0,0
Heligmonella,0,4.0,2,0
Heligmonellidae,3,0,0,0
Heligmonina,0,20.0,0,0
Heligmonoides,1,13.0,1,0
Heligmoptera,0,4.0,0,0
Heligmosomoides,15,36.0,12,0
Heligmosomum,2,28.0,13,0
Heligmostrongylus,1,9.0,0,0
Heligmus,0,1.0,1,0
Helionema,0,1.0,0,0
Helmabia,0,6.0,6,0
Helminthoxys,1,9.0,10,0
Hemicaloosia,6,7.0,12,0
Hemicriconemoides,49,56.0,50,20
Hemicycliophora,102,5.0,50,20
Hemiplectus,1,1.0,1,2
Hempelia,0,1.0,0,0
Hepatinema,0,2.0,0,0
Hepatojarakus,0,4.0,0,0
Hepatospina,0,1.0,0,0
Heptochona,0,7.0,5,0
Herpetostrongylus,1,4.0,1,0
Heterakis,13,47.0,26,2
Heterakoidea,1,0,0,0
Heteroanguina,2,0,0,0
Heterocephalobellus,3,3.0,4,0
Heterocephalobus,1,4.0,30,0
Heterocheilus,2,2.0,4,0
Heterodera,175,86.0,50,83
Heteroderidae,5,0,0,0
Heterodorus,5,4.0,32,6
Heterogonema,0,1.0,1,0
Heteromorphotylenchus,0,2.0,0,0
Heteromyoxyuris,0,2.0,2,0
Heteropleuronema,0,1.0,1,0
Heterorhabditis,302,27.0,38,27
Heterospiculum,0,2.0,1,0
Heterostrongylus,1,1.0,0,0
Heterotylenchus,0,3.0,7,0
Heterotyphlum,0,3.0,2,0
Heteroxynema,1,8.0,11,0
Heth,12,50.0,46,0
Hexamermis,8,36.0,50,0
Hexametra,1,12.0,2,0
Hexapapillostomum,0,1.0,0,0
Hexatylus,4,20.0,10,0
Heydenius,0,26.0,9,0
Heynsaxonchium,0,1.0,1,0
Hieminema,0,1.0,1,0
Hilgertia,0,2.0,2,0
Himatidiophila,0,1.0,1,0
Hippopotamenema,0,1.0,1,0
Hirschmanniella,32,33.0,50,20
Histiocephalus,0,4.0,1,0
Histiostrongylus,0,4.0,1,0
Histodytes,0,1.0,1,0
Histotylenchus,1,7.0,7,1
Hoazinstrongylus,0,1.0,0,0
Hoepplius,0,1.0,1,0
Hofmaenneria,0,8.0,12,0
Hoineffia,7,0,0,0
Homungella,1,9.0,2,0
Hoplodontophorus,0,1.0,1,0
Hoplolaimidae,1,0,0,0
Hoplolaimus,19,44.0,27,2
Hoplotylus,2,5.0,8,0
Hopperia,4,20.0,17,0
Hovorkonema,1,3.0,0,0
Howardula,25,25.0,11,10
Hsiungia,0,1.0,0,0
Huffmanela,5,17.0,22,0
Hughjonestrongylus,0,20.0,9,0
Hugotdiplogaster,0,1.0,1,0
Hugotnema,0,5.0,0,0
Hulqus,0,3.0,3,0
Huntia,1,0,1,0
Hyalaimus,0,1.0,1,0
Hydrochoerisnema,0,1.0,0,0
Hydromermis,0,50.0,50,0
Hylonema,0,1.0,0,0
Hyostrongylus,2,7.0,1,0
Hypocristata,0,3.0,0,0
Hypodontolaimus,7,30.0,45,0
Hypodontus,1,3.0,0,0
Hyptiolaimus,0,1.0,1,0
Hysterothylacium,206,122.0,50,20
Hystrichis,1,7.0,6,0
Hystrignathus,3,19.0,28,0
Ibipora,1,5.0,5,0
Ibrahimia,0,1.0,0,0
Ichthyocephaloides,1,5.0,5,0
Ichthyofilaria,0,5.0,6,0
Ichthyostrongylus,0,2.0,0,0
Ichthyouris,0,8.0,7,0
Ichtyobronema,1,0,2,0
Icosiella,2,7.0,1,0
Icthyocephalus,0,15.0,16,0
Idioblaptus,0,1.0,1,0
Idiodorylaimus,0,7.0,7,0
Idiuoxyuris,0,2.0,2,0
Ierestrongylus,0,1.0,0,0
Iheringascaris,11,0,4,0
Illium,0,2.0,2,0
Immanigula,0,1.0,1,0
Imosmermis,0,1.0,0,0
Impalaia,0,4.0,0,0
Imparispiculus,0,1.0,0,0
Incanema,0,1.0,1,0
Incurvinema,0,1.0,1,0
Indiana,0,3.0,7,0
Indocapillaria,0,1.0,1,0
Indocephalobus,0,1.0,1,0
Indoditylenchus,0,1.0,0,0
Indofilaria,0,1.0,0,0
Indorhabditis,0,1.0,0,0
Ingenia,0,1.0,2,0
Inglamidum,0,2.0,0,0
Inglechina,0,2.0,0,0
Ingliseria,1,1.0,1,0
Inglisonema,0,2.0,0,0
Inglisubulura,0,7.0,0,0
Ingwenascaris,0,4.0,2,0
Innocuonema,1,10.0,13,0
Insulanema,1,0,0,0
Intasia,0,7.0,4,0
Ionema,0,5.0,7,0
Iotonchium,4,8.0,6,0
Iotonchulus,1,4.0,5,0
Iotonchus,5,89.0,50,0
Ipatjevimermis,0,1.0,2,0
Iponema,1,12.0,1,0
Irantylenchus,1,1.0,1,0
Ironella,0,3.0,4,0
Ironidae,2,0,0,0
Ironus,15,24.0,33,2
Isacanthonchus,0,1.0,1,0
Ischilinema,0,1.0,1,0
Ischiodorylaimus,0,13.0,14,0
Isobinema,1,4.0,4,0
Isolaimium,4,11.0,13,0
Isomermis,2,11.0,18,0
Isospirura,0,1.0,0,0
Isthmusimermis,0,6.0,7,0
Itaguaiana,0,2.0,2,0
Ivaschkinonema,0,1.0,1,0
Ixonema,1,3.0,3,0
Jaidenema,0,1.0,1,0
Japanema,0,1.0,1,0
Jarryella,0,2.0,2,0
Javellia,0,1.0,0,0
Jensenonchus,2,6.0,7,0
Jibacoa,0,2.0,2,0
Johnpearsonia,0,0.0,0,0
Johnstonia,0,7.0,0,0
Johnstonmawsonia,1,7.0,5,0
Johnstonmawsonoides,0,1.0,0,0
Josefilaria,0,1.0,0,0
Judonchulus,0,3.0,5,0
Justinema,0,3.0,0,0
Kahmannia,0,1.0,1,0
Kalicephalus,5,40.0,6,0
Kallidorylaimus,0,1.0,1,0
Kalmanmolnaria,1,1.0,1,0
Kamegainema,0,1.0,2,0
Kantbhala,0,5.0,5,0
Karkinochromadora,0,1.0,2,0
Kashmira,0,1.0,1,0
Kathlania,0,5.0,4,0
Kentropyxia,1,3.0,3,0
Kenyanema,0,1.0,1,0
Keralanema,0,1.0,1,0
Keratonema,0,1.0,1,0
Khalilia,1,4.0,0,0
Kiluluma,3,15.0,2,0
Kinonchulus,0,1.0,1,0
Kirjanovia,0,1.0,1,0
Kittidorylaimus,0,1.0,1,0
Kiwinema,0,1.0,0,0
Klossiella,0,3.0,3,0
Klossinemella,0,4.0,1,0
Klossnema,1,1.0,1,2
Klugea,0,8.0,12,0
Kochinema,1,8.0,8,2
Koerneria,13,8.0,47,20
Kolodorylaimus,0,1.0,1,0
Kosswigonema,0,1.0,1,0
Krampia,0,3.0,3,0
Kraspedonema,0,1.0,2,0
Krefftascaris,4,1.0,0,0
Kreisiella,0,2.0,0,0
Kreisoncholaimus,0,1.0,1,0
Kreisonema,0,1.0,1,0
Krishnasamyos,0,1.0,1,0
Kuala,0,2.0,0,0
Kunjudorylaimus,1,2.0,2,0
Kuntzistrongylus,0,1.0,0,0
Kurikania,0,2.0,2,0
Kurilonema,1,0,0,7
Kurochkinitylenchus,0,1.0,1,0
Labeonema,1,6.0,2,0
Labiduris,1,1.0,3,0
Labiobulura,0,6.0,1,0
Labiomultiplex,6,0,0,0
Labiosimplex,15,0,0,0
Labiostomum,21,8.0,5,0
Labiostrongylus,4,42.0,0,0
Labronema,8,54.0,50,0
Labronemella,4,12.0,15,0
Labrys,5,8.0,0,1
Laevides,2,12.0,15,0
Lagenonema,0,6.0,8,0
Lagochilascaris,1,5.0,0,0
Lagostonema,0,1.0,0,0
Lagostrongylus,1,3.0,0,0
Laimaphelenchus,31,19.0,13,10
Laimella,1,7.0,15,0
Laimydorus,9,91.0,50,0
Lamanema,1,1.0,0,0
Lamotheoxyuris,1,0,1,0
Lamyronema,0,1.0,1,0
Lanceimermis,0,23.0,36,0
Lanzavecchia,0,3.0,2,0
Lappetascaris,9,3.0,3,32
Lappnema,0,1.0,1,0
Latocephalus,1,9.0,11,0
Latronema,5,10.0,12,12
Lauratonema,6,13.0,14,0
Lauratonemella,0,1.0,1,0
Lauratonemoides,0,2.0,3,0
Lauroia,2,4.0,0,0
Lauronema,0,1.0,1,0
Laurophragus,0,1.0,1,0
Laurostrongylus,0,1.0,0,0
Laurotravassoxyuris,0,1.0,1,0
Lawtonema,0,1.0,2,0
Laxamphidelus,0,6.0,6,0
Laxonema,0,1.0,1,0
Laxus,7,9.0,9,0
Ledovitia,1,10.0,10,0
Leidynema,4,12.0,14,2
Leidynemella,2,4.0,5,0
Leiperenia,0,3.0,1,0
Leiperiatus,0,1.0,0,0
Leipernema,0,1.0,0,0
Leipoanema,0,1.0,0,0
Leiuris,0,3.0,0,0
Lelenchus,5,5.0,11,0
Lemdana,0,12.0,3,0
Lemuricola,6,9.0,5,0
Lemurostrongylus,0,1.0,0,0
Lenisaphelenchus,1,0,0,0
Lenonchium,2,9.0,7,4
Lepidonema,2,3.0,4,0
Leptepsilonema,1,10.0,11,0
Leptodera,0,1.0,22,0
Leptojacobus,1,1.0,1,0
Leptolaimidae,10,0,2,0
Leptolaimoides,0,9.0,15,0
Leptolaimus,22,39.0,50,0
Leptonchus,2,12.0,17,0
Leptonemella,15,11.0,12,1
Leptoplectonema,0,1.0,2,0
Leptosomatidae,1,0,11,0
Leptosomatides,5,9.0,17,0
Leptosomatina,0,3.0,4,0
Leptosomatum,0,29.0,42,0
Leptosomella,0,2.0,2,0
Lepusius,0,1.0,1,0
Lesjan,0,1.0,1,0
Lesleyella,0,1.0,1,0
Levipalatum,1,1.0,1,0
Libyostrongylus,3,6.0,1,0
Limnomermis,1,28.0,50,0
Limonchulus,0,4.0,4,0
Lindseyus,1,0,5,0
Linhomoeidae,35,0,9,0
Linhomoella,0,1.0,2,0
Linhomoeus,8,16.0,45,0
Linhystera,0,6.0,4,0
Linolaimus,0,1.0,1,0
Linseyus,0,4.0,0,0
Linstowimermis,0,3.0,4,0
Linstowinema,4,13.0,1,0
Linustrongylus,0,1.0,0,0
Lispirurus,0,0.0,0,0
Lissonema,1,0,1,0
Listia,0,3.0,3,0
Litinium,11,20.0,23,8
Litoditis,12,4.0,4,0
Litomosa,66,17.0,6,0
Litomosoides,17,40.0,1,0
Litonema,0,1.0,1,0
Litotes,0,1.0,1,0
Litylenchus,2,2.0,2,0
Loa,1,4.0,1,0
Loaina,0,2.0,0,0
Lobatorobius,0,1.0,1,0
Lobocapillaria,0,4.0,3,0
Lobocriconema,153,23.0,31,1
Lockenloia,0,1.0,1,0
Loffienema,0,1.0,1,0
Loncharionema,0,2.0,2,0
Longibucca,0,3.0,4,0
Longibulbophora,0,2.0,1,0
Longicyatholaimus,7,16.0,36,0
Longidorella,7,30.0,50,2
Longidoridae,1,0,3,0
Longidoroides,0,18.0,16,0
Longidorus,155,183.0,50,20
Longilaimus,0,2.0,2,0
Longimermis,0,1.0,0,0
Longior,5,4.0,5,0
Longistriata,3,71.0,22,0
Longistrongylus,0,9.0,1,0
Longitubopharynx,0,1.0,1,0
Loofilaimus,1,1.0,1,2
Lordellonema,2,17.0,15,0
Loveninema,1,0,2,0
Loxodontofilaria,11,13.0,0,0
Lucionema,0,1.0,1,0
Luella,0,1.0,0,0
Lugamermis,0,2.0,2,0
Lukonema,0,1.0,1,0
Lutznema,0,1.0,0,0
Luzonema,0,1.0,0,0
Lyranema,0,1.0,1,0
Macacanema,0,1.0,0,0
Macdonaldius,0,4.0,0,0
Maciela,0,8.0,1,0
Mackerrastrongylus,1,4.0,1,0
Macramphida,0,1.0,1,0
Macrochromadora,0,1.0,0,0
Macrodontium,0,1.0,1,0
Macrolaimellus,1,4.0,5,0
Macrolaimus,6,12.0,16,0
Macronchus,0,1.0,1,0
Macropicola,1,33.0,0,0
Macroponema,4,2.0,0,0
Macropostrongyloides,7,5.0,0,20
Macropostrongylus,5,6.0,0,0
Macropoxyuris,1,2.0,2,0
Macrostrongylus,0,3.0,1,0
Macrotobrilus,0,1.0,1,0
Macrotrophurus,1,1.0,1,0
Macuahuitloides,1,0.0,1,0
Madafilaroides,0,1.0,0,0
Madangiostrongylus,0,1.0,0,0
Madathamugadia,2,7.0,0,0
Madelinema,0,1.0,0,0
Madochotera,0,1.0,0,0
Mainspinostrongylus,0,1.0,0,0
Makatinus,3,10.0,16,2
Malaistrongylus,0,1.0,0,0
Malakhovia,0,1.0,1,0
Malaspinanema,1,1.0,1,0
Malayfilaria,1,0.0,1,0
Malayocamallanus,0,1.0,0,0
Malayometastrongylus,0,1.0,0,0
Maldivea,1,3.0,2,0
Malekus,0,2.0,2,0
Malenchus,56,46.0,50,3
Malvinema,0,4.0,0,0
Mammalakis,0,3.0,4,0
Mammanidula,0,3.0,0,0
Mammomonogamus,7,6.0,0,0
Manganonema,1,12.0,9,0
Mansonella,71,29.0,2,0
Manunema,2,3.0,5,36
Maplestonema,0,1.0,0,0
Maracaya,0,5.0,0,0
Maragnopsia,0,1.0,1,0
Margaronchuloides,0,1.0,1,0
Margaronchulus,0,1.0,2,0
Margolisianum,1,0,1,0
Margollus,0,4.0,4,0
Margonema,0,2.0,2,0
Marilynia,2,0,17,0
Marimermis,1,1.0,3,0
Mariostrongylus,0,1.0,0,0
Mariporrocaecum,0,1.0,1,0
Marisalbinema,0,1.0,1,0
Marispelodera,0,1.0,1,0
Marshallagia,11,23.0,4,40
Marsupostrongylus,0,11.0,0,0
Martadamsonius,0,3.0,4,0
Martininema,2,0.0,4,0
Marylynnia,4,21.0,24,0
Maseria,0,1.0,1,0
Mastigonema,0,1.0,1,0
Mastigospirura,0,1.0,0,0
Mastophorus,8,4.0,2,0
Matthesonema,0,2.0,3,0
Maupasina,0,2.0,0,0
Mawsonascaris,8,7.0,8,0
Mawsonema,0,3.0,1,0
Mawsonfilaria,0,1.0,0,0
Maxomystrongylus,0,2.0,0,0
Maxvachonia,0,6.0,7,0
Mazamastrongylus,2,0,2,0
Mazzia,0,2.0,0,0
Mbaisonema,0,1.0,0,0
Mbanema,0,1.0,0,0
Mecistocirrus,2,4.0,1,0
Medibulla,0,2.0,0,0
Mediolaimus,0,1.0,1,0
Megacooperia,0,1.0,0,0
Megadesmolaimus,2,8.0,7,0
Megadontolaimus,0,2.0,2,0
Megalamphis,0,1.0,2,0
Megalobatrachonema,3,8.0,11,0
Megalomermis,0,1.0,0,0
Megamphidelus,0,1.0,1,0
Megaonchulus,0,1.0,1,0
Mehdiascaris,0,2.0,2,0
Mehdiella,0,7.0,7,0
Mehdilaimus,0,1.0,1,0
Mehdinema,1,2.0,2,0
Meiodorus,0,4.0,3,0
Meloidodera,34,11.0,4,27
Meloidoderella,0,1.0,0,0
Meloidoderita,6,5.0,4,0
Meloidogyne,282,110.0,50,20
Meloinema,2,5.0,5,8
Melolonthinimermis,0,5.0,0,0
Melomystronglylus,0,5.0,0,0
Meningonema,0,1.0,0,0
Mentecle,0,3.0,3,0
Merliniidae,1,0,2,0
Merlinius,11,36.0,50,0
Mermis,2,10.0,50,0
Mermithidae,95,0,48,0
Mermithonema,0,1.0,3,0
Mertensinema,0,2.0,0,0
Mesacanthion,56,49.0,50,0
Mesacanthoides,3,8.0,10,0
Mesamidostomum,0,2.0,1,0
Mesidionema,1,3.0,0,0
Mesocriconema,234,88.0,50,2
Mesodorylaimus,21,150.0,50,0
Mesomermis,5,45.0,50,0
Mesonema,0,4.0,12,0
Mesorhabditis,59,19.0,50,6
Metabronema,2,6.0,9,0
Metachromadora,37,39.0,50,0
Metachromadoroides,3,39.0,3,0
Metacomesoma,0,4.0,4,0
Metacrobeles,3,3.0,3,0
Metacrolobus,0,1.0,1,0
Metactinolaimus,0,2.0,2,0
Metacyatholaimus,5,9.0,9,0
Metacylicolaimus,0,3.0,4,0
Metacyrnea,0,1.0,0,0
Metadasynemella,1,3.0,6,0
Metadasynemoides,1,3.0,5,0
Metadesmodora,0,2.0,3,0
Metadesmolaimus,7,17.0,20,0
Metadorylaimus,0,1.0,1,0
Metaglochinema,0,1.0,2,0
Metalaimus,0,4.0,2,0
Metalinhomoeus,10,30.0,40,0
Metamphidelus,0,3.0,3,0
Metanisakis,0,5.0,5,0
Metaparasitylenchus,1,13.0,10,0
Metaparoncholaimus,0,5.0,5,0
Metaphanoderma,0,3.0,13,0
Metaporcelaimus,7,19.0,25,4
Metaraeolaimoides,0,1.0,1,0
Metarhabditis,7,15.0,14,0
Metasabatiera,0,1.0,1,0
Metascaris,0,1.0,0,0
Metasphaerolaimus,2,11.0,10,0
Metastrongylidae,4,0,50,0
Metastrongylus,9,7.0,7,6
Metateratocephalus,2,3.0,6,0
Metathelazia,1,6.0,1,0
Metaxonchium,4,1.0,15,12
Metenoploides,1,2.0,2,0
Metepsilonema,0,17.0,19,0
Meteterakis,7,34.0,7,0
Metheligmonella,0,2.0,0,0
Metoncholaimoides,0,3.0,3,0
Metoncholaimus,5,30.0,29,6
Mexiconema,2,2.0,1,0
Meximermis,0,1.0,0,0
Meyersia,9,5.0,6,0
Meylia,0,5.0,5,0
Meylis,0,3.0,3,0
Meylonema,0,3.0,1,0
Micatonchus,0,3.0,3,0
Micipsella,2,2.0,1,0
Micoletzkya,33,23.0,31,0
Micoletzkyia,3,16.0,17,0
Miconchus,14,1.0,41,0
Micracanthonchus,0,1.0,1,0
Microdorylaimus,9,17.0,11,2
Microfilaria,0,6.0,1,0
Microhadjelia,0,1.0,1,0
Microlaimidae,16,0,23,0
Microlaimus,25,86.0,50,0
Micromicron,0,1.0,2,0
Micronematodum,0,1.0,0,0
Micropleura,1,7.0,1,0
Microtetrameres,1,28.0,7,0
Miculenchus,7,7.0,6,0
Migonella,0,1.0,0,0
Mikenema,0,7.0,4,0
Minolaimus,0,2.0,4,0
Minutostrongylus,0,1.0,0,0
Miodorylaimus,0,2.0,0,0
Miranema,0,2.0,1,0
Mirzaiella,2,9.0,8,0
Mirzaloptera,0,1.0,0,0
Missimstrongylus,0,1.0,1,0
Misticius,0,1.0,0,0
Mitoaxonchium,0,1.0,15,0
Mitranema,0,2.0,2,0
Moaciria,0,5.0,1,0
Moennigia,0,18.0,1,0
Moguranema,0,3.0,0,0
Mohibiella,0,1.0,1,0
Molgolaimus,4,43.0,47,0
Molinacuaria,0,3.0,0,0
Molineus,3,30.0,3,0
Molinofilaria,0,1.0,0,0
Molinostrongylus,3,18.0,21,0
Molossinema,0,1.0,0,0
Molostrongylus,0,2.0,0,0
Monanema,1,4.0,0,0
Monhystera,27,65.0,50,4
Monhysterida,4,0,3,0
Monhysteridae,14,0,32,0
Monhysterides,0,5.0,3,0
Monhysteroides,0,2.0,2,0
Monhystrella,2,34.0,47,0
Monhystrium,1,5.0,5,0
Monilonema,2,1.0,0,0
Monodelphoxyuris,0,1.0,1,0
Monodontus,1,9.0,0,0
Mononchida,2,0,2,0
Mononchidae,1,0,3,0
Mononchoides,15,50.0,50,8
Mononchulus,0,2.0,2,0
Mononchus,18,33.0,50,3
Monopetalonema,0,3.0,0,0
Monoposthia,9,14.0,33,0
Monoposthiidae,2,0,5,0
Monoposthioides,0,2.0,2,0
Monotrichodorus,3,8.0,8,16
Monovaria,0,1.0,0,0
Montistrongylus,0,4.0,2,0
Montonchus,0,1.0,1,0
Mooleptus,1,0.0,1,0
Morasia,0,6.0,3,0
Moravecia,0,1.0,2,0
Moravecnema,0,1.0,1,0
Morgascaridia,0,1.0,0,0
Morlaixia,0,2.0,2,0
Morulaimus,2,8.0,12,0
Moshajia,2,4.0,0,0
Mudwigglus,1,12.0,6,0
Muellerius,1,3.0,2,0
Mukazia,0,1.0,1,0
Mukhina,0,0.0,1,0
Multicaecum,1,13.0,0,0
Multidens,0,1.0,0,0
Mulveyellus,1,5.0,9,0
Mumtazium,0,1.0,0,0
Murielus,3,2.0,0,0
Murshidia,7,30.0,0,0
Muspicea,0,2.0,2,0
Musserakis,0,2.0,1,0
Myctolaimus,7,0,19,0
Mydonomus,0,4.0,0,0
Myenchus,0,2.0,2,0
Myleusnema,0,2.0,0,0
Mylodiscoides,0,1.0,0,0
Mylodiscus,0,1.0,0,0
Mylonchulus,50,67.0,50,0
Myolaimus,6,9.0,25,0
Myoryctes,0,1.0,1,0
Myrmeconema,0,3.0,2,0
Nacobbus,75,2.0,5,3
Nagelus,3,28.0,38,0
Namaquanema,0,1.0,1,0
Namibnema,0,1.0,1,0
Nanidorus,4,3.0,8,0
Nannolaimoides,0,2.0,3,0
Nannolaimus,0,3.0,6,0
Nanomermis,0,3.0,4,0
Napolitana,0,2.0,2,0
Narsingiella,0,1.0,0,0
Nasistrongylus,0,1.0,0,0
Necator,31,4.0,1,0
Necolaimus,0,1.0,1,0
Nemabia,0,1.0,0,0
Nemanema,3,14.0,14,0
Nemanoke,0,3.0,0,0
Nematimermis,1,1.0,1,0
Nematoda,260,0,5,0
Nematode,15,0,0,0
Nematodirella,2,7.0,3,2
Nematodiroides,1,1.0,1,0
Nematodirus,12,47.0,21,4
Nematoideum,0,1.0,1,0
Nematomystes,2,2.0,0,0
Nemavermes,0,2.0,1,0
Nemhelix,1,3.0,0,0
Neoactinolaimus,1,25.0,37,0
Neoalloionema,2,4.0,2,0
Neoascarophis,2,5.0,9,0
Neobakernema,1,7.0,8,0
Neocamacolaimus,3,1.0,1,0
Neochromadora,21,32.0,41,0
Neocooperia,0,1.0,0,0
Neocosmocercella,0,5.0,2,0
Neocylicostrongylus,0,3.0,0,0
Neodiplogaster,8,11.0,12,16
Neodiplopeltula,3,14.0,11,0
Neoditylenchus,1,24.0,4,0
Neodolichodorus,4,12.0,14,0
Neodolichorhynchus,5,17.0,24,0
Neoentomelas,1,1.0,0,21
Neofoleyellides,4,0,0,1
Neogoezia,1,0,9,0
Neoheligmonella,1,15.0,1,0
Neoheterakis,0,1.0,0,0
Neohilgertia,0,1.0,1,0
Neohistiostrongylus,0,1.0,1,0
Neoichthyostrongylus,0,3.0,0,0
Neoleptus,0,1.0,1,0
Neolimnomermis,0,6.0,5,0
Neolobocriconema,1,13.0,16,0
Neomermis,0,2.0,4,0
Neomesomermis,0,5.0,7,0
Neometadorylaimus,1,1.0,0,0
Neomisticius,3,1.0,3,0
Neomurshidia,0,19.0,0,0
Neoomeia,0,1.0,1,0
Neoparacamallanus,0,14.0,0,0
Neoparaseuratum,0,1.0,1,0
Neoparasitylenchus,0,27.0,15,0
Neoparathelandros,0,0.0,0,0
Neophilometroides,0,0.0,2,0
Neoprotozoophaga,0,2.0,0,0
Neopsilenchus,7,10.0,14,0
Neorhabditis,0,1.0,2,0
Neorhabditostomum,1,1.0,0,0
Neosomatiana,0,1.0,1,0
Neospinitectus,0,1.0,0,0
Neospirocerca,0,1.0,0,0
Neosteinernema,0,1.0,0,0
Neostrongyloides,0,2.0,0,0
Neostrongylus,1,2.0,1,0
Neosynodontisia,0,1.0,1,0
Neoterranova,1,0,4,0
Neothada,3,7.0,7,2
Neotobrilinae,1,0,0,0
Neotobrilus,5,17.0,22,2
Neotonchus,0,6.0,16,0
Neotylenchidae,1,0,19,0
Neotylenchus,1,0,8,0
Neotylocephalus,0,3.0,6,0
Neoxysomatium,0,7.0,2,0
Nesomystrongylus,0,1.0,0,0
Neurella,0,1.0,1,0
Nevadanema,2,0,1,0
Neyrapharyngodon,0,1.0,0,0
Nicascolaimus,0,1.0,1,0
Nicollina,1,9.0,0,0
Nigronchus,0,1.0,1,0
Nijhoffia,0,1.0,1,0
Nilonema,1,2.0,2,0
Nimigula,0,1.0,1,0
Nippostrongylus,4,8.0,2,0
Nochtia,0,5.0,0,0
Noctuidonema,1,2.0,1,0
Noffsingeria,0,2.0,2,0
Nordiidae,1,0,4,0
Noteodiplogaster,0,1.0,0,0
Nothacrobeles,7,15.0,22,0
Nothanguina,0,1.0,0,0
Nothocriconemoides,7,2.0,5,0
Nothotylenchoides,0,1.0,0,0
Nothotylenchus,9,55.0,37,0
Notochatosoma,0,1.0,0,0
Notonectomermis,0,1.0,1,0
Notosabatieria,0,1.0,1,0
Nouvelnema,0,1.0,1,0
Novadelonema,0,0.0,0,0
Nudora,3,15.0,16,0
Nugininema,0,1.0,1,0
Nullonchus,0,4.0,4,0
Nunema,0,1.0,1,0
Nycteridostrongylus,0,2.0,0,0
Nygellus,0,5.0,5,0
Nygmatonchus,0,1.0,8,0
Nygolaimellus,0,6.0,4,0
Nygolaimidae,2,0,6,0
Nygolaimium,0,3.0,1,0
Nygolaimoides,0,9.0,7,0
Nygolaimus,8,38.0,50,0
Obainia,2,7.0,7,0
Obeliscoides,0,4.0,1,0
Oceanicucullanus,0,3.0,3,0
Ochetocephalus,0,1.0,0,0
Ochoterenella,8,16.0,0,0
Octomermis,0,2.0,9,0
Octomyomermis,1,13.0,18,0
Octonchus,0,2.0,1,0
Odilia,2,35.0,19,0
Odonatomermis,0,3.0,7,0
Odontanticoma,0,1.0,2,0
Odontobius,0,1.0,5,0
Odontogeton,0,5.0,1,0
Odontolaimus,4,4.0,4,0
Odontopharynx,1,2.0,3,0
Odontophora,17,38.0,50,6
Odontophoroides,2,3.0,2,0
Odontorhabditis,0,3.0,1,0
Odontospirura,0,1.0,0,0
Odontoterakis,0,6.0,0,0
Oesophagodontus,1,1.0,1,0
Oesophagomermis,0,4.0,21,0
Oesophagostomoides,3,37.0,0,0
Oesophagostomum,56,47.0,16,1
Ogma,29,94.0,50,0
Ohbayashinema,1,5.0,0,0
Ohridiidae,1,0,6,0
Oigolaimella,12,7.0,12,4
Oionchus,0,2.0,8,0
Okapinema,1,1.0,0,0
Okapistrongylus,0,1.0,0,0
Okinawandros,0,1.0,1,0
Okranema,0,2.0,2,0
Oligaphelenchoides,0,5.0,2,0
Oligodiplogaster,0,1.0,0,0
Oligonchulus,0,1.0,1,0
Oligoplectus,0,1.0,1,0
Ollulanus,1,2.0,1,0
Omeia,0,3.0,0,0
Omicronema,3,6.0,9,0
Onchiolistia,0,3.0,3,0
Onchiomermis,0,1.0,2,0
Onchium,4,10.0,10,2
Onchocerca,65,37.0,10,38
Onchocercella,0,1.0,0,0
Onchocercidae,53,0,50,134
Oncholaimellinae,1,0,6,0
Oncholaimelloides,0,1.0,1,0
Oncholaimellus,11,20.0,21,0
Oncholaimidae,46,0,12,0
Oncholaimoides,0,3.0,3,0
Oncholaimus,67,129.0,50,0
Onchulus,0,9.0,11,0
Oncophora,0,3.0,7,0
Onepunema,1,4.0,2,0
Oniscicula,0,1.0,0,0
Onychonema,0,3.0,7,0
Onyx,7,13.0,25,0
Oonaguntus,0,2.0,0,0
Oostenbrinkella,0,3.0,3,0
Oostenbrinkia,1,2.0,0,0
Operculorhabditis,0,1.0,1,0
Ophidascaris,8,38.0,6,0
Opisthodorylaimus,4,11.0,1,0
Orientatractis,1,14.0,12,0
Orientostrongylus,1,6.0,0,0
Orientylus,0,7.0,0,0
Oriverutoides,0,1.0,0,0
Oriverutus,0,8.0,5,0
Orloffia,4,0,0,12
Orneoascaris,1,0,0,0
Ornithocapillaria,0,7.0,0,0
Ornithonema,0,1.0,0,0
Ornithostrongylidae,1,0,0,0
Ornithostrongylus,1,10.0,3,0
Orphreyus,0,3.0,5,0
Orrina,0,1.0,0,0
Orthomermis,0,1.0,1,0
Orthophallonema,0,1.0,1,0
Orthostrongylus,1,1.0,0,0
Orthothominx,0,1.0,0,0
Ortleppascaris,2,5.0,1,0
Ortleppnema,0,1.0,1,0
Ortleppstrongylus,0,1.0,0,0
Oryctonema,0,23.0,2,0
Oscheius,138,58.0,50,53
Oslerus,2,2.0,2,0
Osstella,0,1.0,1,0
Ostertagia,85,53.0,29,2
Oswaldocruzia,13,93.0,31,0
Oswaldofilaria,2,11.0,2,0
Oswaldonema,0,3.0,0,0
Oswaldostrongylus,0,2.0,0,0
Otostrongylus,2,2.0,2,0
Ottolenchus,2,29.0,34,0
Ovomermis,2,5.0,8,0
Oxyascaris,0,5.0,1,0
Oxybelondira,0,4.0,0,0
Oxydiroides,0,4.0,0,0
Oxydirus,3,15.0,15,0
Oxynema,0,8.0,4,0
Oxyonchus,4,21.0,24,0
Oxysomatium,1,15.0,20,0
Oxyspirura,5,50.0,5,0
Oxystomina,41,37.0,50,0
Oxystominidae,15,0,9,0
Oxystomininae,1,0,9,0
Oxyuricassis,0,2.0,3,0
Oxyurida,5,0,0,0
Oxyuridae,1,0,6,0
Oxyuris,1,15.0,50,0
Oxyuronema,0,1.0,1,0
Ozolaimus,2,6.0,6,0
Pachydorylaimus,0,7.0,2,0
Pakira,2,1.0,1,2
Palaeoallantonema,0,11.0,6,0
Palaeoanguina,0,1.0,1,0
Palaeoaphelenchoides,0,1.0,1,0
Palaeoarachnus,0,1.0,1,0
Palaeocosmocerca,0,2.0,1,0
Palaeodiplogaster,0,1.0,1,0
Palaeoenoploides,0,1.0,1,0
Palaeonema,0,1.0,0,0
Palaeoparasitylenchus,0,1.0,1,0
Palaeorhabditis,0,1.0,1,0
Palaeotetradonema,0,4.0,2,0
Paleoiotonchium,0,1.0,1,0
Paleothelastoma,0,1.0,1,0
Panagrellus,16,16.0,15,6
Panagrobelium,0,1.0,0,0
Panagrobelus,10,6.0,8,0
Panagrodontus,0,3.0,7,0
Panagrolaimidae,4,0,26,0
Panagrolaimoidea,7,0,4,0
Panagrolaimoides,0,1.0,2,0
Panagrolaimomorpha,1,0,2,0
Panagrolaimus,160,23.0,50,0
Panagrolobus,2,1.0,1,1
Panagromacra,0,1.0,2,0
Panagroteratus,0,3.0,3,0
Pancreatonema,0,1.0,3,0
Pandolaimus,2,5.0,7,0
Panduripharynx,0,3.0,4,0
Papillabrum,0,1.0,1,0
Papillonema,0,2.0,2,0
Papillosetaria,0,3.0,0,0
Papillostrongylus,2,2.0,0,0
Papuadorus,0,3.0,0,0
Papuaphelenchus,0,1.0,0,0
Parabronema,2,9.0,1,0
Paracamallanus,3,10.0,3,0
Paracameronia,0,1.0,1,0
Paracanthocheilonema,0,0.0,0,0
Paracanthonchus,28,80.0,50,72
Paracapillaria,3,21.0,5,0
Paracapillaroides,0,0.0,2,0
Paracephalobus,0,2.0,2,0
Parachromadorita,0,1.0,1,0
Paracomesoma,23,14.0,21,0
Paracooperia,1,9.0,0,0
Paracooperioides,0,1.0,0,0
Paracrassibucca,0,1.0,2,0
Paracrenosoma,0,4.0,3,0
Paracrobeles,1,7.0,5,0
Paractinolaimus,11,30.0,34,0
Paracuaria,2,4.0,6,0
Paracyatholaimoides,1,3.0,4,0
Paracyatholaimus,4,32.0,39,0
Paracylicolaimus,0,1.0,1,0
Paracyrnea,0,1.0,0,0
Paradeletrocephalus,0,1.0,0,0
Paradesmodora,12,7.0,7,0
Paradichromadora,0,1.0,1,0
Paradolichodera,1,0,1,0
Paradollfusnema,0,1.0,0,0
Paradorylaimus,0,20.0,12,0
Paradoxolaimus,0,1.0,1,0
Paradoxorhabditis,0,1.0,1,0
Paradoxostrongylus,0,0.0,0,0
Paradraconema,3,8.0,12,4
Paradujardinia,0,1.0,1,0
Paraegialoalaimus,0,1.0,1,0
Paraethmolaimus,1,8.0,3,0
Parafilaria,1,5.0,4,0
Parafilaroides,10,11.0,9,20
Paragnomoxyala,2,4.0,3,0
Paragonionchus,0,1.0,1,0
Paragraphidium,0,1.0,0,0
Parahadronchus,3,10.0,11,0
Paraheligmonella,1,1.0,3,0
Paraheligmonelloides,0,8.0,7,0
Paraheligmonina,0,20.0,1,0
Paraheterotyphlum,0,2.0,2,0
Parahistiostrongylus,0,1.0,1,0
Parahystrignathus,1,0,1,0
Paraichthyocephalus,0,1.0,1,0
Paraicosiella,0,1.0,1,0
Paraiotonchium,0,6.0,2,0
Parakongonema,1,0,1,0
Paralabiostrongylus,0,5.0,2,0
Paralaeuris,0,2.0,2,0
Paraleiuris,0,1.0,0,0
Paraleptonchus,0,1.0,0,0
Paraleptonema,0,1.0,1,0
Paraleptosomatoides,0,2.0,0,0
Paraleptus,1,6.0,7,0
Paralibyostrongylus,5,5.0,0,0
Paralinhomoeus,8,41.0,47,0
Parallelocoilas,0,1.0,1,0
Paralongicyatholaimus,2,5.0,5,0
Paralongidorus,18,34.0,34,10
Paramacropostrongylus,2,3.0,0,0
Paramadochotera,0,1.0,0,0
Paramarylynnia,0,1.0,3,0
Paramerlinius,5,0,12,0
Paramermis,0,8.0,41,0
Paramesacanthion,12,17.0,24,40
Paramesonchium,0,3.0,4,0
Paramicrolaimus,1,9.0,10,0
Paramidostomum,0,1.0,0,0
Paramonohystera,4,21.0,34,0
Paramononchus,0,6.0,11,0
Paramphidelus,2,23.0,29,0
Paramphimonhystrella,0,15.0,9,0
Paramylonchulus,0,15.0,20,0
Paranisakiopsis,0,4.0,4,0
Paranisakis,0,16.0,17,0
Paranticoma,0,10.0,12,0
Paranygolaimus,0,2.0,1,0
Paraochoterenella,0,1.0,0,0
Paraorientatractis,0,1.0,1,0
Paraoxybelondira,0,1.0,0,0
Paraoxydirus,0,6.0,4,0
Paraoxyuronema,0,2.0,2,0
Parapalus,0,1.0,1,0
Paraphanoderma,0,1.0,1,0
Paraphanolaimus,1,13.0,19,0
Parapharyngodon,11,81.0,50,6
Parapharyngostrongylus,1,1.0,0,0
Paraphelenchus,7,24.0,27,0
Paraphilometroides,0,1.0,1,0
Paraphysaloptera,0,2.0,0,0
Parapinnanema,0,1.0,12,0
Paraplectonema,3,7.0,7,0
Paraplesiohedruris,0,2.0,1,0
Parapoteriostomum,7,7.0,2,0
Parapristionchus,1,0,1,0
Paraprocta,0,1.0,0,0
Paraproctonema,0,1.0,1,0
Paraqudsiella,0,1.0,0,0
Paraquimperia,2,6.0,2,0
Pararaeolaimus,0,5.0,5,0
Pararhabditis,0,1.0,1,0
Pararhabdonema,0,7.0,0,0
Pararhyssocolpus,1,0,1,0
Pararotylenchus,1,0,2,0
Pararugopharynx,1,1.0,0,0
Parasabanema,0,4.0,2,0
Parasaurositus,0,1.0,0,0
Parasaveljevia,0,8.0,5,0
Parascaris,6,3.0,1,0
Parascarophis,0,4.0,2,0
Parascolaimus,0,5.0,5,0
Paraseinura,0,1.0,1,0
Paraseuratoides,0,1.0,1,0
Paraseuratum,1,2.0,3,0
Parasitaphelenchus,4,20.0,17,0
Parasitodiplogaster,30,20.0,17,0
Parasitorhabditis,6,43.0,50,2
Parasitylenchoides,0,8.0,8,0
Parasitylenchus,10,12.0,19,0
Parasomatium,0,1.0,0,0
Parasphaerolaimus,8,17.0,19,0
Paraspiculuris,0,4.0,4,0
Paraspidodera,2,8.0,0,0
Paraspiralatus,0,1.0,0,0
Paraspirura,1,2.0,0,0
Parastomachoglossa,0,3.0,3,0
Parastomonema,0,2.0,2,0
Parastrongyloides,3,18.0,7,1
Parasubulura,0,3.0,0,0
Parasynodontisia,0,1.0,1,0
Paraterschellingia,0,4.0,3,0
Parathalassoalaimus,0,1.0,1,0
Parathelandros,0,12.0,13,0
Paratimminema,0,2.0,0,0
Paratractis,0,1.0,1,0
Paratrichodorus,37,30.0,39,52
Paratrichosoma,55,2.0,0,0
Paratricoma,4,4.0,5,0
Paratrilobus,0,7.0,9,0
Paratripyla,2,0,3,0
Paratripyloides,0,3.0,3,0
Paratrophurus,8,14.0,27,0
Paratuerkiana,0,1.0,1,0
Paratylencholaimus,0,1.0,0,0
Paratylenchus,162,179.0,50,20
Paraustrostrongylus,1,6.0,0,0
Paraustroxyuris,0,1.0,1,0
Paravulvus,6,18.0,8,0
Paraxiphidorus,0,3.0,0,0
Paraxonchium,9,15.0,6,0
Parazoniolaimus,1,1.0,0,0
Paregletylenchus,0,1.0,1,0
Parelaphostrongylus,3,3.0,0,0
Parelzalia,0,1.0,1,0
Parenoplus,0,6.0,2,0
Pareudesmoscolex,2,3.0,5,0
Pareurystomina,4,20.0,20,0
Parironus,0,4.0,7,0
Parkellus,7,10.0,10,0
Paroctonchus,0,1.0,1,0
Parodontophora,22,32.0,31,0
Paroigolaimella,3,12.0,18,0
Paronchocerca,0,12.0,3,0
Paroriverutus,0,5.0,0,0
Parostertagia,0,1.0,0,0
Paroxystomina,0,2.0,2,0
Parvinema,0,4.0,2,0
Passalidophila,0,1.0,1,0
Passalurus,2,2.0,4,0
Passeristrongylus,0,1.0,0,0
Patagonema,0,1.0,1,0
Patagoniella,0,1.0,0,0
Patricialina,1,6.0,0,0
Paulianfilaria,0,1.0,0,0
Paurodontella,11,18.0,6,0
Paurodontoides,1,2.0,0,0
Paurodontus,0,10.0,0,0
Pauronemoides,2,0,0,0
Pearsonema,6,4.0,6,0
Pectinospirura,1,3.0,4,0
Pelagonemella,0,1.0,1,0
Pelaogonema,0,13.0,16,0
Pelecanema,1,0,0,0
Pelecitus,8,34.0,20,0
Pelicanascaris,0,1.0,0,0
Pellioditis,19,19.0,43,1
Pelodera,12,16.0,50,0
Peltamigratus,0,23.0,3,0
Penjatinema,1,1.0,2,2
Pennisia,0,1.0,1,0
Pentadentoptera,0,5.0,1,0
Pentatomimermis,0,1.0,1,0
Peplorhabditis,0,1.0,1,0
Peramelistrongylus,1,1.0,1,0
Peraphelenchus,1,3.0,2,0
Perepsilonema,1,9.0,14,0
Pericyema,0,1.0,0,0
Perioplectus,0,2.0,2,0
Perodira,1,3.0,2,0
Perostrongylus,1,0,0,6
Perspiria,0,1.0,13,0
Perutilimermis,0,1.0,1,0
Peterngus,0,1.0,0,0
Petrovifilaria,0,1.0,0,0
Petrovinema,2,2.0,3,0
Phacochoerostrongylus,0,2.0,0,0
Phaenoncholaimus,0,1.0,1,0
Phalacronema,1,1.0,1,0
Phallaxonchium,0,5.0,1,0
Phanoderma,9,36.0,42,0
Phanodermatidae,13,0,2,0
Phanodermella,1,2.0,3,0
Phanodermopsis,21,18.0,16,0
Pharurus,2,10.0,8,0
Pharyngodon,0,45.0,47,0
Pharyngodonidae,3,0,4,0
Pharyngonema,0,1.0,2,0
Pharyngostrongylus,12,18.0,2,0
Phascolostrongylus,1,33.0,0,0
Phasmarhabditis,35,25.0,22,3
Phellonema,0,1.0,3,0
Pheromermis,2,10.0,18,0
Pheronous,0,3.0,2,0
Philometra,63,192.0,50,0
Philometroides,18,39.0,45,0
Philonema,5,4.0,9,0
Phlyctainophora,0,2.0,2,0
Phocanema,2,2.0,6,20
Phocascaris,3,4.0,5,0
Phreatomermis,0,1.0,2,0
Phyllolaimus,0,2.0,2,0
Phylloncholaimus,0,2.0,0,0
Physaloptera,42,144.0,18,4
Physalopteridae,2,0,18,0
Physalopterinae,1,0,1,0
Physalopteroides,1,20.0,1,0
Physocephalus,3,9.0,1,0
Pierantonia,0,1.0,0,0
Pierrickia,4,4.0,3,0
Pingus,1,25.0,0,0
Piratuba,1,6.0,0,0
Piratuboides,0,3.0,0,0
Piscicapillaria,0,9.0,3,0
Pithecostrongylus,0,4.0,0,0
Placentonema,0,1.0,2,0
Placoconus,0,22.0,0,0
Placodira,1,2.0,2,2
Platocamallanus,0,2.0,0,0
Platonova,2,4.0,2,28
Platycoma,2,6.0,5,0
Platycomopsis,1,5.0,15,0
Plectidae,7,0,4,0
Plectolaimus,0,2.0,3,0
Plectonchus,4,2.0,14,0
Plectus,210,4.0,50,10
Plesioungella,0,1.0,0,0
Pleurotylenchus,0,2.0,2,0
Plutellonema,0,1.0,0,0
Pneumocaulus,0,1.0,0,0
Pneumonema,3,1.0,0,0
Pneumospirura,0,1.0,0,0
Pneumostrongylus,0,3.0,0,0
Podocnematractis,0,2.0,1,0
Poekilostrongylus,0,2.0,0,0
Pogonomystrongylus,0,3.0,1,0
Poikilolaimus,23,6.0,19,0
Polenchus,0,4.0,3,0
Polkepsilonema,0,3.0,4,0
Polydelphis,0,9.0,0,0
Polydelphyoptera,0,1.0,0,0
Polygastrophoides,0,1.0,1,0
Polygastrophora,5,17.0,16,0
Polyonchulus,0,2.0,3,0
Polysigma,1,2.0,2,0
Pomponema,7,32.0,40,0
Pongobius,1,0,0,0
Pontonema,7,35.0,45,0
Popovastrongylus,4,7.0,0,0
Porocoma,0,1.0,1,0
Poronemella,0,6.0,2,0
Porrocaecum,13,55.0,44,0
Porternema,0,1.0,0,0
Portmacquaria,0,1.0,1,0
Postamphidelus,0,1.0,1,0
Posthalocercus,0,2.0,0,0
Potensaphelenchus,1,0,1,11
Poteriostomum,2,3.0,2,0
Potorostrongylus,2,5.0,0,0
Potoroxyuris,0,3.0,2,0
Practinocephalus,0,1.0,3,0
Praeacanthonchus,9,6.0,11,0
Praecocilenchus,0,2.0,0,0
Praeputirhabditis,0,1.0,1,0
Pratinema,0,1.0,1,0
Pratylenchoides,25,31.0,36,40
Pratylenchus,189,132.0,50,20
Prescafilotermes,0,2.0,2,0
Prestwoodia,1,1.0,0,0
Primasubulura,1,10.0,0,0
Prionchulellus,0,1.0,1,0
Prionchuloides,0,1.0,1,0
Prionchulus,17,31.0,43,0
Prismatolaimidae,2,0,1,0
Prismatolaimus,84,37.0,35,0
Pristionchus,138,79.0,50,20
Pristionema,0,1.0,1,0
Probstmayria,2,10.0,3,0
Procamacolaimus,5,7.0,11,0
Procamallanus,20,211.0,25,40
Procephalobus,1,1.0,4,0
Prochaetosoma,7,13.0,23,8
Prochromadora,1,10.0,14,0
Prochromadorella,6,33.0,50,0
Procyonostrongylus,0,1.0,0,0
Procyrnea,1,46.0,2,0
Prodesmodora,3,10.0,12,0
Prodomorganus,0,1.0,1,0
Prodontorhabditis,3,41.0,8,0
Prodorylaimium,0,4.0,5,0
Prodorylaimus,9,48.0,50,2
Profilarinema,0,5.0,0,0
Progreeffiella,0,2.0,2,0
Proheterorhabditis,0,1.0,1,0
Proleptonchoides,0,3.0,1,0
Proleptonchus,2,28.0,15,0
Proleptus,10,10.0,23,0
Prolinhomoeus,0,1.0,1,0
Promiconchus,0,3.0,4,0
Promonhystera,2,2.0,6,0
Promumtazium,0,2.0,0,0
Proncholaimus,0,13.0,14,0
Prooncholaimus,5,0,14,0
Propanagrolaimus,5,0,2,0
Proparasitylenchus,1,8.0,8,0
Propharyngodon,0,2.0,2,0
Proplatycoma,2,1.0,5,0
Prorhynchonema,3,2.0,2,0
Prosphaerolaimus,0,2.0,2,0
Prospinitectus,0,2.0,2,0
Prosungulonema,0,4.0,2,0
Protenema,0,1.0,0,0
Prothallonema,3,25.0,0,0
Prothornenema,0,1.0,0,0
Protocylindrocorpus,0,0.0,3,0
Protodorylaimus,0,2.0,1,0
Protofilaria,0,1.0,0,0
Protorhabditis,7,18.0,28,0
Protospirura,11,19.0,0,0
Protostrongylidae,1,0,0,0
Protostrongylus,13,37.0,9,0
Prototricoma,0,3.0,4,0
Protozoophaga,1,1.0,1,0
Protrellatus,0,5.0,5,0
Protrelleta,1,4.0,4,0
Protrelloides,0,2.0,2,0
Protrellus,2,16.0,16,0
Protricoma,0,4.0,5,0
Protricomoides,0,2.0,1,0
Protylenchus,0,2.0,2,0
Proyseria,1,5.0,2,0
Psammomermis,0,12.0,24,0
Psammonema,0,5.0,3,0
Pselionema,4,13.0,21,0
Pseudabbreviata,0,4.0,0,0
Pseudacrobeles,17,16.0,3,5
Pseudalius,1,3.0,11,0
Pseudamidostomum,0,4.0,1,0
Pseudanisakis,2,3.0,8,0
Pseudaphelenchus,10,0.0,6,0
Pseudaplectana,0,1.0,0,0
Pseudaprocta,0,8.0,2,0
Pseudaraeolaimus,0,8.0,5,0
Pseudascarophis,0,4.0,4,0
Pseudaspiculuris,0,1.0,1,0
Pseudaspidodera,0,2.0,0,0
Pseudechinotheristus,0,1.0,1,0
Pseudelzalia,0,1.0,1,0
Pseudhalenchus,1,6.0,7,0
Pseudlemdana,0,1.0,1,0
Pseudoaulolaimus,0,1.0,1,0
Pseudoaviculariella,0,1.0,0,0
Pseudocapillaria,3,27.0,15,0
Pseudocella,7,26.0,31,0
Pseudocheironchus,1,1.0,1,0
Pseudochromadora,10,14.0,15,0
Pseudocruzia,0,1.0,0,0
Pseudocyrtosomum,0,1.0,1,0
Pseudodelphis,0,4.0,7,0
Pseudodesmicola,0,1.0,1,0
Pseudodesmodora,0,3.0,4,0
Pseudodilaimus,0,1.0,1,0
Pseudodiomedenema,0,1.0,0,0
Pseudodiplogasterid,1,0,0,0
Pseudodiplogasteroides,4,2.0,3,0
Pseudofilaria,0,2.0,0,0
Pseudohaplonema,0,1.0,0,0
Pseudoheligmosomum,0,1.0,0,0
Pseudolella,5,16.0,17,0
Pseudolitomosa,0,1.0,0,0
Pseudomazzia,0,1.0,1,0
Pseudomermis,0,7.0,13,0
Pseudometachromadora,0,2.0,2,0
Pseudomicrolaimus,1,0,4,0
Pseudoncholaimus,1,9.0,13,0
Pseudonchulus,0,1.0,1,0
Pseudonchus,1,11.0,13,0
Pseudonymus,2,12.0,13,0
Pseudopelagonema,0,2.0,3,0
Pseudophysaloptera,0,8.0,2,0
Pseudoplatycoma,0,3.0,1,0
Pseudoproleptus,0,11.0,16,0
Pseudorictularia,0,1.0,1,0
Pseudosteineria,3,13.0,16,0
Pseudostertagia,0,7.0,0,0
Pseudostrongyloides,0,1.0,0,0
Pseudostrongyluris,0,1.0,0,0
Pseudoterranova,28,7.0,7,35
Pseudoterschellingia,0,1.0,1,0
Pseudothamugadia,0,1.0,0,0
Pseudotriceratoma,0,1.0,0,0
Pseudoxyascaris,0,1.0,0,0
Pseudoxyo,1,0,0,0
Psilenchus,14,21.0,31,1
Psocidonema,0,1.0,1,0
Psychodorhabditis,0,6.0,3,0
Psyllomermis,0,2.0,0,0
Psyllotylenchus,1,16.0,21,0
Pternepsilonema,0,1.0,1,0
Pteronemella,0,1.0,1,0
Pteronium,0,1.0,1,0
Pterothominx,0,22.0,6,0
Pterotylenchus,2,1.0,0,0
Pterygodermatites,9,38.0,7,0
Pterygonema,0,5.0,8,0
Pterygorhabditis,0,6.0,6,0
Ptychaphelenchus,1,1.0,0,0
Ptycholaimellus,30,26.0,23,0
Pudica,0,19.0,4,0
Pulchranemella,0,1.0,1,0
Pulchrascaris,2,3.0,5,0
Pulchrocephala,0,2.0,2,0
Pulicimermis,0,1.0,0,0
Pulmostrongylus,0,3.0,0,0
Punchaulus,0,1.0,0,0
Punctodera,6,3.0,6,0
Punctodora,2,5.0,6,0
Punctolepis,0,1.0,0,0
Pungentus,12,22.0,32,8
Pygarginema,0,2.0,0,0
Pygecantha,0,1.0,1,0
Quadricoma,0,32.0,43,0
Quadricomoides,0,5.0,7,0
Quadrimermis,0,3.0,5,0
Quadriplotriaena,0,2.0,0,0
Quasiamidostomum,0,5.0,0,0
Quasibrilus,0,3.0,2,0
Quasithelazia,0,19.0,8,0
Qudsianema,0,1.0,1,0
Qudsianematidae,1,0,11,0
Qudsiella,0,1.0,0,0
Quentinstrongylus,0,1.0,0,0
Quilonia,3,17.0,0,0
Quimperia,1,1.0,1,0
Quinisulcius,4,17.0,24,0
R.W.,0,0.0,0,0
Rabbium,0,1.0,0,0
Radopholinae,1,0,0,0
Radopholoides,1,4.0,7,0
Radopholus,8,25.0,50,10
Rafiqius,0,2.0,2,0
Ragenema,0,1.0,0,0
Rahmium,0,1.0,0,0
Raillietascaris,0,3.0,1,0
Raillietnema,15,18.0,5,0
Ransomnema,1,10.0,12,0
Ransomus,1,2.0,0,0
Raonema,0,3.0,3,0
Raphidascarididae,3,0,9,0
Raphidascaris,163,48.0,24,4
Raphidascaroides,3,15.0,20,0
Rasheedia,0,0.0,5,0
Rattustrongylus,0,2.0,0,0
Rauschia,0,8.0,0,0
Rauschivingylus,0,2.0,0,0
Rauschoxyuris,0,1.0,1,0
Rauschtineria,1,2.0,2,0
Reesimermis,0,2.0,8,0
Reiterina,1,1.0,6,0
Retrotheristus,1,1.0,1,0
Rhabdias,80,82.0,50,39
Rhabditella,5,10.0,20,0
Rhabditida,110,0,7,0
Rhabditidae,21,0,13,0
Rhabditidoides,8,8.0,10,0
Rhabditinae,3,0,50,0
Rhabditis,71,27.0,50,0
Rhabditoid,1,0,0,0
Rhabditoides,3,9.0,17,0
Rhabditolaimus,17,22.0,37,0
Rhabditonema,0,1.0,2,0
Rhabditophanes,9,3.0,7,0
Rhabditostomum,0,48.0,0,0
Rhabdochona,21,169.0,50,0
Rhabdochonidae,1,0,21,0
Rhabdocoma,4,4.0,10,0
Rhabdodemania,8,17.0,29,0
Rhabdolaimidae,1,0,2,0
Rhabdolaimus,5,1.0,19,0
Rhabdotoderma,0,1.0,1,0
Rhabpanus,0,3.0,3,0
Rhadinema,0,3.0,2,0
Rhaptothyreius,0,2.0,2,0
Rhaptothyreus,1,0,2,0
Rhigonema,12,56.0,50,0
Rhigonematoidea,1,0,3,0
Rhinema,0,2.0,3,0
Rhinocerotonema,0,1.0,0,0
Rhinoclemmysnema,0,1.0,1,0
Rhips,2,9.0,9,0
Rhitilla,0,1.0,0,0
Rhitis,0,7.0,8,0
Rhizonemella,6,0.0,0,0
Rhodolaimus,0,13.0,18,0
Rhodonema,0,2.0,2,0
Rhomborhabditis,1,1.0,2,0
Rhynchomermis,0,1.0,3,0
Rhynchonema,4,34.0,39,0
Rhyssocolpus,2,2.0,10,4
Richtersia,12,20.0,27,0
Rictularia,1,59.0,15,0
Rictularina,0,1.0,0,0
Rictularioides,0,1.0,0,0
Ridgellus,0,1.0,1,0
Rinadia,1,0,0,0
Riouxgolvania,3,3.0,3,0
Ritenbenkia,0,1.0,1,0
Robbea,13,9.0,10,80
Robertdollfusa,0,2.0,3,0
Robleus,0,1.0,0,0
Robustnema,0,1.0,1,0
Robustodorus,5,7.0,4,9
Rodentanema,0,1.0,1,0
Rodentocaulus,0,1.0,1,0
Rodentogamus,0,1.0,0,0
Rogerus,0,2.0,3,0
Romanomermis,6,17.0,20,0
Rondonema,0,3.0,6,0
Rondonia,1,4.0,2,0
Roqueus,0,3.0,2,0
Rostellascaris,3,0,1,0
Rostrulium,0,3.0,2,0
Rotundocollarette,1,0,1,0
Rotylenchoides,0,10.0,0,0
Rotylenchulus,21,14.0,6,39
Rotylenchus,50,111.0,50,20
Roveaphelenchus,0,1.0,0,0
Royandersonia,0,1.0,1,0
Rubzovinema,2,3.0,1,0
Ruehmaphelenchus,14,14.0,7,2
Rugonema,1,3.0,0,0
Rugopharynx,20,22.0,0,0
Rugostrongylus,1,1.0,0,0
Ruizia,1,2.0,2,0
Rumai,1,1.0,1,0
Rumenfilaria,1,1.0,0,0
Rusguniella,0,4.0,5,0
Sabanema,0,5.0,0,0
Sabatieria,135,106.0,50,0
Sachsia,2,3.0,5,0
Sachsium,0,1.0,1,0
Sacrimarinema,0,3.0,3,0
Sadkonavis,0,1.0,1,0
Saevadorella,1,0,7,2
Safianema,0,6.0,6,0
Sakia,6,16.0,11,27
Salesia,0,2.0,2,0
Salimella,0,1.0,0,0
Salmonema,4,0,1,0
Salvelinema,0,2.0,2,0
Sandnema,0,0.0,0,0
Sanduanensis,0,2.0,1,0
Saprorhabditis,0,1.0,1,0
Sarconema,1,5.0,8,0
Sarisodera,0,1.0,1,0
Sarsonia,0,2.0,2,0
Sauertylenchus,1,5.0,5,0
Sauricola,0,1.0,1,0
Saurositus,0,3.0,0,0
Saveljevia,0,6.0,7,0
Scalpelus,0,1.0,0,0
Scalpenchus,0,1.0,0,0
Scapidens,0,1.0,0,0
Scaptrella,0,5.0,4,0
Scarabinema,0,1.0,1,0
Scatonema,0,1.0,1,0
Schikhobalovia,0,1.0,0,0
Schistonchus,42,11.0,28,1
Schistorophus,1,7.0,6,0
Schmassmannimermis,0,1.0,1,0
Schneidernema,0,2.0,0,0
Scholpaniella,0,1.0,1,0
Schrankiana,0,9.0,2,0
Schulmanela,0,1.0,1,0
Schulzia,0,6.0,0,0
Schulzinema,0,1.0,0,0
Schuurmanimermis,0,2.0,4,0
Schwenckiana,0,1.0,0,0
Sciadiocara,1,8.0,4,0
Scirtimermis,0,1.0,0,0
Sciuricola,0,2.0,0,0
Sciurodendrium,0,7.0,0,0
Scleralaimus,0,1.0,1,0
Scleramphidelus,0,1.0,1,0
Scleroactinolaimus,0,1.0,1,0
Sclerolabia,0,6.0,0,0
Sclerolaimus,0,1.0,1,0
Sclerorhabditis,1,1.0,4,0
Sclerostylus,0,2.0,0,0
Sclerotrichum,0,1.0,0,0
Scolecophilus,0,4.0,0,0
Scolytonema,0,3.0,3,0
Scorpiophagus,0,4.0,0,0
Scottnema,65,1.0,1,0
Scutellonema,18,58.0,38,20
Scutylenchus,17,21.0,40,0
Sectonema,12,40.0,15,28
Seinura,15,56.0,27,4
Selachinema,0,1.0,3,0
Selachinematidae,7,0,21,0
Seleborca,1,0,13,0
Semitobrilus,5,4.0,6,0
Senegalonema,0,1.0,0,0
Serofilaria,0,1.0,0,0
Serpentirhabdias,12,18.0,9,3
Serpinema,6,7.0,14,0
Serradacnitis,0,1.0,2,0
Serratospiculoides,1,1.0,1,0
Serratospiculum,3,7.0,4,0
Setaria,7,46.0,4,0
Setariidae,1,0,0,0
Setonema,0,1.0,1,0
Setoplectus,1,4.0,4,0
Setosabatieria,7,13.0,13,0
Setostephanolaimus,2,7.0,9,0
Seuratascaris,3,1.0,3,0
Seuratia,1,3.0,1,0
Seuratiella,0,1.0,5,0
Seuratum,0,8.0,5,0
Seurechina,0,3.0,0,0
Severianoia,3,9.0,18,0
Sexansocara,0,1.0,1,0
Sexansodera,0,1.0,0,0
Shahnema,0,4.0,5,0
Shattuckius,0,1.0,0,0
Sheraphelenchus,5,6.0,3,0
Shunyanema,0,1.0,0,0
Sibayinema,0,1.0,1,0
Sicaguttur,0,15.0,3,0
Siconema,4,24.0,10,0
Siconemoides,0,1.0,1,0
Sicorinema,0,7.0,0,0
Siddiqia,0,28.0,5,0
Sigmolenchus,1,0,1,0
Sigmophoranema,1,4.0,5,0
Silenchus,0,1.0,1,0
Silvallis,0,1.0,0,0
Similascarophis,0,2.0,4,0
Simondsia,0,2.0,2,0
Simpliconema,0,3.0,1,0
Simulimermis,0,1.0,3,0
Sinanema,0,3.0,4,0
Singhiella,0,1.0,1,0
Sinoichthyonema,1,1.0,2,0
Sinospinata,1,0,0,0
Siphonolaimidae,2,0,3,0
Siphonolaimus,6,54.0,31,0
Sitadevinema,0,1.0,1,0
Skarbilovinema,2,2.0,2,3
Skibbinema,0,1.0,0,0
Skladnikia,0,1.0,0,0
Skrjabillaninae,1,0,4,0
Skrjabillanus,2,4.0,7,0
Skrjabinalius,1,3.0,2,0
Skrjabinelazia,0,7.0,11,0
Skrjabinema,7,11.0,4,0
Skrjabingylus,5,7.0,2,0
Skrjabinisakis,4,0,4,27
Skrjabinitectus,0,1.0,0,0
Skrjabinocaulus,0,1.0,0,0
Skrjabinocerca,0,5.0,4,0
Skrjabinocercella,0,2.0,0,0
Skrjabinoclava,0,33.0,33,0
Skrjabinodentus,1,0,0,0
Skrjabinodera,0,3.0,0,0
Skrjabinodon,2,37.0,29,0
Skrjabinofilaria,0,3.0,0,0
Skrjabinomermis,0,4.0,5,0
Skrjabinoptera,1,8.0,0,0
Skrjabinura,0,3.0,0,0
Skryabineandros,0,1.0,0,0
Smithsoninema,0,1.0,1,0
Soaresnema,0,1.0,1,0
Sobolevingylus,0,3.0,2,0
Soboliphyme,3,10.0,8,0
Solafilaria,0,5.0,0,0
Solenolaimus,0,1.0,1,0
Solididens,3,8.0,3,0
Southerniella,4,15.0,15,0
Spalacina,0,3.0,1,0
Spartonema,0,2.0,2,0
Spauligodon,50,44.0,44,20
Spectatus,1,2.0,1,1
Sphaeroamphis,0,1.0,1,0
Sphaerocephalum,0,3.0,4,0
Sphaerolaimidae,3,0,4,0
Sphaerolaimus,28,46.0,50,0
Sphaeronema,2,7.0,9,0
Sphaeronematidae,1,0,0,0
Sphaerotheristus,7,5.0,9,0
Sphaerularia,7,1.0,1,9
Sphaerulariidae,2,0,9,0
Sphaerularioidea,3,0,10,0
Spiculimermis,0,12.0,38,0
Spiculocaulus,1,4.0,1,0
Spiculopteragia,5,24.0,18,0
Spiliphera,1,9.0,50,0
Spilophorella,7,14.0,21,0
Spilotylenchus,1,8.0,8,0
Spinicauda,1,16.0,3,0
Spininematoides,0,1.0,0,0
Spinitectoides,0,1.0,1,0
Spinitectus,9,79.0,44,0
Spinocephalus,1,0,0,0
Spinodesmoscolex,0,1.0,1,0
Spinodiplotriaena,0,1.0,0,0
Spinonema,0,6.0,4,0
Spinostrongylus,0,4.0,0,0
Spinoxyuris,0,2.0,2,0
Spiralatus,0,1.0,0,0
Spiramphinema,0,3.0,3,0
Spirinia,12,20.0,28,0
Spirobakerus,1,1.0,0,0
Spirobolbolaimus,0,4.0,3,0
Spirocamallanus,9,0,50,0
Spirocerca,10,10.0,2,0
Spirodesma,0,1.0,1,0
Spironoura,0,36.0,39,0
Spirophilometra,0,3.0,4,0
Spirosprattus,0,1.0,0,0
Spirostrongylus,1,1.0,0,0
Spiroxys,7,19.0,4,1
Spirura,1,31.0,22,0
Spirurida,1,0,0,0
Spiruridae,2,0,12,0
Spirurina,5,0,6,0
Spiruroidea,10,0,4,0
Spiruroides,0,1.0,1,0
Spiruromorpha,1,0,10,0
Splendidofilaria,8,19.0,9,0
Sporonchulus,3,4.0,10,0
Sprattellus,0,3.0,0,0
Sprattianema,0,0.0,0,0
Sprentascaris,0,3.0,9,0
Sprentia,0,1.0,1,0
Squamasnema,0,0.0,1,0
Squamofilaria,0,6.0,1,0
Squamostrongylus,0,2.0,0,0
Squanema,0,1.0,1,0
Srivastavanema,0,6.0,0,0
Stammeria,0,1.0,5,0
Stammerinema,1,5.0,2,0
Starobogatovia,0,5.0,1,0
Stauratostoma,1,1.0,1,0
Stefanskostrongylus,0,10.0,1,0
Stegelleta,2,9.0,14,0
Stegelletina,7,11.0,19,0
Stegonema,0,1.0,1,0
Stegophorus,1,5.0,10,0
Stegorhabditis,0,1.0,1,0
Steineria,6,19.0,35,0
Steineridora,0,4.0,5,0
Steinernema,648,145.0,50,40
Steinernematidae,10,0,4,0
Steinimermis,0,1.0,1,0
Stellocaronema,0,4.0,2,0
Stelmioides,0,1.0,0,0
Stenonchulus,1,1.0,1,0
Stenuroides,1,1.0,1,0
Stenurus,3,13.0,15,0
Stephanofilaria,2,12.0,0,0
Stephanolaimus,1,3.0,12,0
Stephanurus,1,19.0,1,0
Steratocephalus,0,1.0,1,0
Stictylus,1,0,5,0
Stilbonema,6,3.0,4,0
Stilbonematinae,6,0,12,0
Stilestrongylus,2,26.0,2,0
Stomachorhabditis,0,4.0,5,0
Stopractinca,0,6.0,5,0
Strelkovimermis,1,11.0,25,0
Streptocara,2,11.0,12,0
Streptopharagus,2,11.0,1,0
Strianema,0,1.0,0,0
Striatodora,0,1.0,1,0
Striatofilaria,0,2.0,1,0
Strongylacantha,1,4.0,3,0
Strongyloidea,9,0,17,0
Strongyloides,46,63.0,27,20
Strongyluris,4,23.0,0,0
Strongylus,4,14.0,50,0
Struthiofilaria,0,1.0,0,0
Stygodesmodora,1,12.0,8,0
Subanguina,23,1.0,9,0
Subaspiculuris,0,1.0,1,0
Subsphaerolaimus,1,11.0,8,0
Subulascaris,0,4.0,1,0
Subulura,1,64.0,18,0
Subuluroidea,3,0,2,0
Sucamphida,0,1.0,1,0
Sudhausia,3,8.0,3,0
Suifilaria,0,1.0,0,0
Suifunema,1,3.0,3,0
Sulcascaris,2,1.0,1,0
Sulphuretylenchus,0,13.0,6,0
Suncinema,0,4.0,0,0
Sutarostrongylus,1,2.0,0,0
Suttonema,0,3.0,0,0
Swangeria,0,2.0,0,0
Syafruddinema,0,6.0,3,0
Sychnotylenchus,1,6.0,4,0
Syconema,0,1.0,1,0
Symplocostoma,7,23.0,33,0
Symplocostomella,0,4.0,6,0
Syncheilaxonchium,2,5.0,1,0
Syncuaria,2,12.0,22,0
Syngamus,8,13.0,6,0
Syngnathinema,0,1.0,2,0
Synhimantus,6,46.0,12,0
Synodontisia,0,3.0,3,0
Synodontium,0,4.0,5,0
Synoecnema,1,23.0,5,0
Synonchiella,2,18.0,21,0
Synonchium,3,8.0,11,0
Synonchoides,0,1.0,1,0
Synonchus,3,10.0,17,0
Synonema,0,10.0,12,0
Syphabulea,1,9.0,12,0
Syphacia,19,76.0,50,40
Syphaciella,0,3.0,3,0
Syphaciuris,0,1.0,2,0
Sypharista,0,9.0,7,0
Syphatineria,1,14.0,7,0
Syringolaimus,15,0.0,22,0
Syringoplatycoma,0,0.0,0,0
Syrphonema,0,1.0,1,0
Tachygonetria,1,28.0,31,0
Tachynema,1,2.0,0,0
Tadaridanema,0,0.0,0,0
Takakia,0,1.0,1,0
Takamangai,1,0,30,0
Takamangi,0,31.0,0,0
Talanema,3,7.0,3,0
Tanqua,4,3.0,0,0
Tantunema,0,7.0,3,0
Tanzanius,0,1.0,1,0
Tapia,0,1.0,1,0
Tapironema,0,1.0,0,0
Tarantobelus,2,1.0,2,8
Tarsubulura,0,1.0,0,0
Tarvaia,1,8.0,21,2
Tarvaiidae,1,0,1,0
Tasmanema,0,2.0,0,0
Tawila,0,14.0,0,0
Tejeraia,0,1.0,0,0
Teladorsagia,4,25.0,5,1
Teleomermis,0,2.0,0,0
Telomerlinius,1,4.0,2,0
Telotylenchoides,0,3.0,4,0
Telotylenchus,4,21.0,30,1
Tendinema,0,2.0,0,0
Tenoranema,0,5.0,1,0
Tenuidraconema,0,3.0,8,0
Tenunema,0,1.0,0,0
Tenunemellus,2,7.0,7,1
Tenuostrongylus,0,1.0,0,0
Teporingonema,0,7.0,0,0
Teratocephalus,4,21.0,30,0
Teratodiplogaster,8,0.0,4,0
Teratolobus,1,3.0,7,2
Teratorhabditis,7,5.0,17,0
Termirhabditis,0,1.0,1,0
Ternidens,1,1.0,0,0
Terranova,32,26.0,30,0
Terromermis,0,2.0,18,0
Terschellingia,42,41.0,49,0
Terschellingioides,0,6.0,1,0
Tetanonema,0,1.0,0,0
Tethystrongylus,0,1.0,0,0
Tetleyus,0,5.0,5,0
Tetrabothriostrongylus,1,2.0,0,0
Tetracheilonema,0,2.0,0,0
Tetradomermis,0,9.0,9,0
Tetradonema,0,2.0,4,0
Tetragomphius,0,42.0,0,0
Tetrameres,3,67.0,14,0
Tetramermis,0,3.0,5,0
Tetrarhabditis,0,1.0,0,0
Tetylenchus,0,2.0,8,0
Texicospirura,0,1.0,0,0
Thada,1,1.0,5,1
Thainema,0,2.0,0,0
Thaistrongylus,0,1.0,0,0
Thalassironus,2,13.0,11,0
Thalassoalaimus,5,26.0,25,0
Thalassogenus,0,5.0,1,0
Thalassomermis,0,1.0,1,0
Thalassomonhystera,0,41.0,50,0
Thalassonema,0,2.0,2,0
Thallostonema,6,6.0,0,0
Thamugadia,0,6.0,0,0
Thaparia,0,5.0,5,0
Thaumamermis,6,2.0,4,0
Theileriana,0,21.0,0,0
Thelandros,16,75.0,48,0
Thelastoma,16,70.0,50,0
Thelastomatidae,5,0,50,0
Thelazia,9,24.0,9,2
Thelonema,0,4.0,2,0
Theristus,42,117.0,50,0
Thonus,2,0,50,0
Thoonchus,1,4.0,5,0
Thoracostoma,4,43.0,50,0
Thoracostomopsidae,37,0,8,0
Thoracostomopsis,2,6.0,6,0
Thornedia,0,3.0,0,0
Thorneella,0,2.0,2,0
Thornenema,2,21.0,22,0
Thorneum,0,1.0,1,0
Thornia,1,11.0,11,0
Thorniosa,0,1.0,1,0
Thraustomermis,0,1.0,0,0
Thripinema,1,5.0,5,0
Thubunaea,0,24.0,4,0
Thylaconema,0,1.0,0,0
Thylonema,2,5.0,2,0
Thylostrongylus,1,3.0,0,0
Tiacuatzoxyuris,0,1.0,0,0
Tigronchoides,0,9.0,10,0
Tikusnema,0,3.0,0,0
Timmia,0,3.0,3,0
Timminema,0,6.0,1,0
Timmungella,0,1.0,0,0
Timmus,0,1.0,1,0
Tipulacomis,0,4.0,2,0
Titilleus,0,1.0,1,0
Tobrilia,0,2.0,2,0
Tobrilidae,12,0,19,0
Tobrilinae,1,0,0,0
Tobriloides,1,2.0,4,0
Tobrilonchulus,0,1.0,1,0
Tobrilus,25,76.0,50,12
Tokobaevimermis,0,1.0,2,0
Tokorhabditis,3,0,3,0
Tonaudia,0,1.0,0,0
Tonoscolecinema,0,6.0,0,0
Torquatoides,0,5.0,1,0
Torquenema,1,0,0,0
Torrestrongylus,1,3.0,1,0
Torsiomermis,0,1.0,1,0
Torumanawa,0,2.0,1,0
Torynurus,1,2.0,3,0
Touzeta,0,1.0,1,0
Toxascaris,20,6.0,3,0
Toxocara,7,27.0,5,0
Trachactinolaimus,2,3.0,3,4
Trachyglossoides,1,1.0,1,0
Trachyglossus,0,1.0,1,0
Trachypharynx,4,51.0,0,0
Trachypleurosum,0,5.0,6,0
Traklosia,0,0.0,0,0
Travassallodapa,0,1.0,1,0
Travassosascaris,0,1.0,0,0
Travassosinema,6,9.0,9,0
Travassosius,1,2.0,1,0
Travassosnema,0,1.0,0,0
Travassostrongylus,3,11.0,1,0
Travnema,0,2.0,2,0
Trefusia,12,21.0,26,0
Trefusialaimus,2,1.0,3,0
Trefusiidae,9,0,3,0
Tremonema,0,1.0,1,0
Triaulolaimus,0,1.0,1,0
Tricaenonchus,0,1.0,2,0
Tricephalobus,0,1.0,10,0
Triceratonema,0,1.0,0,0
Tricheilia,0,1.0,1,0
Tricheilonema,0,1.0,0,0
Trichenoplus,0,1.0,1,0
Trichinella,160,11.0,8,20
Trichocephalida,1,0,0,0
Trichochenia,0,3.0,0,0
Trichodorus,121,52.0,50,4
Trichofreitasia,0,1.0,0,0
Trichohelix,0,2.0,0,0
Tricholeiperia,3,6.0,0,0
Tricholinstowia,0,12.0,5,0
Trichonema,0,1.0,1,0
Trichoskrjabinia,0,3.0,0,0
Trichosomoides,1,4.0,2,0
Trichospirura,0,3.0,0,0
Trichostrongyella,0,1.0,0,0
Trichostrongylidae,2,0,50,0
Trichostrongylus,33,53.0,20,0
Trichotheristus,1,2.0,15,0
Trichotravassosia,0,1.0,0,0
Trichotylenchus,2,8.0,41,2
Trichromadora,0,3.0,5,0
Trichromadorita,0,2.0,2,0
Trichuris,331,107.0,31,3
Trichuroides,0,1.0,2,0
Tricirronema,2,3.0,3,2
Tricoma,12,90.0,50,0
Tricotylenchus,1,0,41,0
Tridentellia,0,1.0,1,0
Tridentocapillaria,0,5.0,0,0
Tridentoinfundibulum,1,3.0,1,0
Tridentulus,2,6.0,8,0
Triepsilonema,0,1.0,1,0
Trifurcata,0,3.0,0,0
Trigonostonema,1,8.0,0,0
Trileptium,5,10.0,12,0
Triligulla,0,1.0,1,0
Trilobostrongylus,1,1.0,0,0
Triodontolaimus,0,1.0,2,0
Triodontophorus,5,9.0,6,6
Tripius,2,5.0,4,0
Triplonchida,2,0,6,0
Triplonchium,1,0,10,0
Tripyla,36,43.0,50,52
Tripylella,11,19.0,11,13
Tripylidae,1,0,6,0
Tripylina,18,8.0,1,19
Tripylium,0,2.0,3,0
Tripyloides,19,16.0,21,0
Tripyloididae,5,0,11,0
Trischistoma,19,23.0,25,8
Trischistomatidae,1,0,3,0
Trissonchulus,13,10.0,18,0
Trithornus,0,1.0,1,0
Triumphalisnema,1,3.0,3,2
Trochamus,0,5.0,7,0
Troglostrongylus,4,4.0,1,0
Trogolaimus,0,5.0,3,0
Trophomera,3,2.0,42,0
Trophomermis,0,1.0,0,0
Trophotylenchulus,6,11.0,14,0
Trophurus,8,16.0,17,0
Trualaimus,0,4.0,4,0
Truttaedacnitis,4,7.0,5,0
Truxonchus,1,8.0,9,0
Trypanoxyuris,11,22.0,11,0
Tsuganema,0,1.0,1,0
Tsukubanema,0,1.0,0,0
Tubixaba,1,37.0,1,0
Tubolaimella,0,1.0,1,0
Tubolaimoides,4,2.0,4,0
Tuerkiana,0,1.0,1,0
Tuhmai,1,0,0,4
Tumiota,0,1.0,1,0
Tunicamermis,0,3.0,3,0
Tupaiostrongylus,0,2.0,0,0
Turbatrix,1,1.0,4,0
Turgida,3,2.0,0,0
Tutunema,0,1.0,1,0
Tylaphelenchus,1,7.0,3,0
Tylenchida,1,0,0,0
Tylenchidae,28,0,17,0
Tylenchina,16,0,4,0
Tylenchocriconema,1,1.0,0,0
Tylenchodoroides,0,1.0,1,0
Tylenchodorus,0,1.0,1,0
Tylenchoidea,9,0,17,0
Tylencholaimellidae,5,0,4,0
Tylencholaimellus,8,42.0,32,6
Tylencholaimoidea,2,0,5,0
Tylencholaimus,24,58.0,50,0
Tylenchomorpha,7,0,6,0
Tylenchorhynchus,43,131.0,50,2
Tylenchorhyncus,1,0,50,0
Tylenchorynchus,1,0,50,0
Tylenchulus,9,4.0,9,0
Tylenchus,13,63.0,50,0
Tyleptus,1,9.0,6,0
Tylocephalus,5,11.0,13,0
Tylodorus,0,2.0,2,0
Tylolaimophorus,14,15.0,16,0
Tylopharynx,2,2.0,4,0
Typhlonema,0,1.0,0,0
Typhlophoros,0,4.0,4,0
Typhlopsia,0,9.0,0,0
Tziminema,1,0.0,1,0
Udonchus,0,1.0,4,0
Uliginotylenchus,0,8.0,20,0
Ultratenella,0,1.0,1,0
Umingmakstrongylus,1,1.0,0,0
Uncinaria,46,21.0,14,0
Undescribed,0,15.0,0,0
Ungella,0,9.0,1,0
Ungulilaimella,0,1.0,1,0
Ungulilaimus,0,1.0,1,0
Uniovaria,0,1.0,0,0
Urbanonema,1,2.0,2,6
Urodelema,0,3.0,0,0
Urodelnema,1,0,6,3
Urucuia,0,1.0,1,0
Usarpnema,0,1.0,1,0
Utahnema,0,3.0,1,0
Utriculimermis,0,1.0,1,0
Valvaelaimoides,0,4.0,2,0
Valvaelaimus,1,2.0,2,0
Vampyronema,0,2.0,0,0
Vanderlindia,0,3.0,2,0
Varestrongylus,12,14.0,4,10
Varotylus,0,11.0,0,0
Vasculonema,0,2.0,2,0
Vasorhabdochona,1,1.0,1,0
Vasostoma,1,3.0,13,0
Vaucherus,0,3.0,0,0
Veleshkinema,1,1.0,1,0
Ventelia,0,1.0,1,0
Versternema,0,1.0,0,0
Verutus,3,2.0,1,0
Vetus,0,12.0,4,0
Veversia,0,1.0,1,0
Vexillata,3,11.0,0,0
Viannaia,4,17.0,4,0
Viannella,0,15.0,0,0
Vigisospirura,0,2.0,1,0
Viguerastrongylus,0,0.0,1,0
Viguiera,1,8.0,50,0
Viktorocara,1,9.0,7,0
Virenodiplogaster,0,1.0,1,0
Viscosia,53,6.0,50,0
Vittatidera,1,0,0,20
Viverranisakis,0,11.0,0,0
Viverrostrongylus,0,1.0,0,0
Vogeloides,0,3.0,1,0
Voguracuaria,0,1.0,1,0
Vulcanonema,0,2.0,2,0
Wachekitylenchus,1,4.0,4,0
Waerebekeia,0,2.0,2,0
Wallabinema,5,26.0,0,0
Waltonella,1,0,0,0
Wanaristrongylus,0,4.0,0,0
Wasimellus,0,1.0,0,0
Websternema,0,1.0,0,0
Weisoncholaimus,0,1.0,1,0
Welchimermis,0,1.0,1,0
Wellcomia,4,13.0,13,1
Westindicus,1,6.0,6,0
Wetanema,0,2.0,2,0
Wieseria,1,15.0,13,0
Wiesoncholaimus,1,0,1,0
Willinema,0,9.0,2,0
Willmottia,0,1.0,0,0
Wilsonema,9,9.0,14,0
Woodwardostrongylus,1,9.0,0,0
Woolleya,1,10.0,0,0
Wuchereria,2,28.0,0,0
Wuia,0,1.0,0,0
Xenella,0,4.0,0,0
Xennella,1,0,5,0
Xenocordon,0,1.0,0,0
Xenocriconemella,6,2.0,4,103
Xenocyatholaimus,0,1.0,1,0
Xenolaimus,0,2.0,2,0
Xenonema,0,1.0,1,0
Xericola,0,1.0,0,0
Xeroxyuris,0,1.0,1,0
Xiphidorus,9,9.0,0,0
Xiphinema,207,280.0,50,64
Xiphinemella,1,15.0,3,6
Xustrostoma,0,2.0,2,0
Xyala,5,13.0,18,0
Xyalidae,91,0,50,0
Xylorhabditis,0,1.0,2,0
Xyo,1,5.0,5,0
Xystrognathus,1,2.0,2,0
Xyzzors,2,3.0,3,0
Yagansiella,0,1.0,0,0
Yatesia,1,1.0,0,0
Yatinema,0,3.0,3,0
Yeatesinia,0,1.0,1,0
Yubeldus,0,1.0,0,0
Yunqueus,0,1.0,1,0
Zaglonema,0,3.0,0,0
Zalonema,3,9.0,13,0
Zalophidera,0,3.0,0,0
Zalophora,0,5.0,4,0
Zanenchus,0,7.0,6,0
Zealandodera,0,1.0,0,0
Zeatylenchus,1,1.0,1,0
Zebrincola,0,3.0,0,0
Zeldia,7,12.0,22,0
Zenkoxyuris,0,1.0,2,0
Zetalaimus,0,3.0,0,0
Zoniolaimus,8,101.0,0,0
Zonothrix,1,11.0,11,0
Zygocaulus,0,1.0,1,0
Zygonemella,1,1.0,1,2
Zygotylenchus,2,6.0,7,4
Zygradus,0,2.0,2,0
Zyxispinifer,0,1.0,1,0
aff.,24,0,0,0
cf.,81,0,0,0
filarial,1,0,0,0
mit,0,0.0,0,0
nematode,1,0,0,0
panagrolaimoid,1,0,0,0
rhabditoid,1,0,0,0
uncultured,5,0,0,0
unidentified,2,0,0,0
